OT,surgery_duration,schedule_day,simulation_day
6,677,0,0
5,291,0,0
1,85,0,0
5,629,0,0
7,1010,0,0
MRI,55,1,1
MRI,51,1,1
2,256,1,1
MRI,63,1,1
MRI,67,1,1
7,47,1,1
7,89,1,1
8,694,1,1
7,32,1,1
3,19,1,1
2,71,1,1
2,80,1,1
7,100,1,1
1,71,1,1
9,708,0,0
7,55,2,2
4,167,2,2
3,39,2,2
5,780,2,2
5,65,1,1
10,141,0,0
9,852,2,2
1,83,2,2
9,95,2,2
6,75,3,3
3,245,2,2
4,86,2,2
5,43,3,3
8,1004,2,2
5,259,1,1
7,455,3,3
8,424,0,0
8,59,4,4
MRI,35,4,4
MRI,41,4,4
4,788,4,4
7,877,2,2
5,536,3,3
3,346,4,4
4,95,3,3
5,1108,4,4
6,42,4,4
3,476,3,3
1,133,3,3
2,139,0,0
9,78,0,0
1,129,4,4
3,39,1,1
MRI,56,7,7
2,53,7,7
MRI,39,7,7
6,327,7,7
7,691,4,4
10,89,7,7
6,842,7,7
9,1239,7,7
MRI,51,8,8
MRI,46,7,7
10,137,7,7
5,240,8,8
8,244,3,3
8,84,8,8
8,123,8,8
MRI,25,8,8
MRI,49,7,7
10,158,7,7
2,386,8,8
5,287,8,8
MRI,34,8,8
7,63,9,9
9,100,2,2
5,101,9,9
10,130,9,9
6,134,9,9
3,350,8,8
9,104,9,9
10,134,9,9
6,602,9,9
5,847,7,7
10,215,2,2
7,44,9,9
1,50,8,8
9,103,9,9
6,86,10,10
4,261,2,2
8,1613,9,9
5,965,10,10
1,96,9,9
5,27,9,9
5,100,9,9
3,156,11,11
7,71,9,9
MRI,46,11,11
8,24,11,11
3,45,11,11
4,151,11,11
4,113,11,11
1,99,10,10
10,121,1,1
8,410,7,7
MRI,67,11,11
4,660,10,10
4,325,9,9
7,592,10,10
5,1371,11,11
1,99,7,7
2,86,14,14
5,274,14,14
7,56,14,14
6,679,14,14
5,408,14,14
10,92,14,14
6,197,11,11
7,40,9,9
10,62,14,14
MRI,54,15,15
10,87,14,14
MRI,74,15,15
1,66,11,11
5,178,15,15
MRI,78,15,15
3,21,15,15
7,177,11,11
5,102,15,15
5,299,15,15
3,22,15,15
MRI,49,11,11
3,94,10,10
4,95,16,16
4,184,16,16
6,50,16,16
8,66,16,16
7,778,16,16
4,76,16,16
1,87,15,15
7,779,14,14
9,1274,16,16
7,57,17,17
5,1713,16,16
1,95,14,14
6,153,16,16
1,51,16,16
3,228,18,18
7,58,15,15
4,742,18,18
MRI,39,18,18
7,46,16,16
MRI,52,18,18
3,83,18,18
9,1112,14,14
1,394,18,18
7,123,17,17
5,1707,18,18
10,234,16,16
2,89,3,3
4,148,17,17
MRI,47,21,21
5,50,21,21
1,149,17,17
8,318,14,14
6,839,21,21
MRI,42,21,21
MRI,46,22,22
5,835,21,21
4,53,22,22
9,1897,21,21
5,205,22,22
4,56,22,22
10,2270,21,21
7,70,22,22
3,48,22,22
2,65,21,21
2,246,22,22
2,42,10,10
5,180,22,22
5,114,22,22
2,98,15,15
9,31,21,21
4,261,23,23
5,885,23,23
3,298,17,17
2,51,17,17
1,93,21,21
7,55,22,22
2,56,24,24
1,45,23,23
3,172,23,23
5,182,24,24
9,154,23,23
6,120,23,23
7,48,22,22
3,166,7,7
1,78,22,22
7,938,24,24
3,207,25,25
MRI,29,25,25
7,55,15,15
MRI,62,25,25
5,879,25,25
4,1029,25,25
3,144,25,25
3,230,21,21
MRI,46,25,25
1,101,24,24
1,1186,25,25
7,54,23,23
9,1826,23,23
2,63,0,28
6,134,25,25
1,52,0,28
5,1127,0,28
6,394,0,28
MRI,63,1,29
7,61,1,29
MRI,43,1,29
7,44,1,29
MRI,47,1,29
7,82,1,29
2,384,1,29
5,42,23,23
5,30,1,29
MRI,48,1,29
2,452,1,29
7,64,25,25
7,769,0,28
1,87,1,29
9,91,0,28
4,173,2,30
7,49,2,30
3,716,2,30
MRI,37,1,29
3,98,2,30
5,1006,2,30
7,61,25,25
8,1281,2,30
7,443,2,30
7,25,3,31
9,53,2,30
8,585,21,21
6,160,3,31
1,52,2,30
4,59,2,30
3,269,4,32
4,145,3,31
4,1509,4,32
5,1575,4,32
3,52,25,25
9,871,0,28
5,606,3,31
9,2851,2,30
1,51,4,32
7,750,4,32
10,345,2,30
MRI,55,7,35
6,373,7,35
9,70,23,23
MRI,68,4,32
MRI,54,7,35
10,66,7,35
MRI,54,8,36
5,277,8,36
8,176,8,36
8,168,23,23
5,137,8,36
1,101,7,35
MRI,37,4,32
MRI,58,8,36
5,28,9,37
8,586,0,28
10,109,7,35
1,88,3,31
7,49,9,37
10,73,9,37
9,92,9,37
10,73,9,37
6,221,9,37
10,101,9,37
10,122,7,35
MRI,118,22,22
6,81,9,37
6,602,9,37
7,52,9,37
5,13,9,37
6,94,10,38
8,689,9,37
4,403,9,37
5,1013,10,38
9,1039,9,37
MRI,64,11,39
MRI,60,11,39
3,210,11,39
4,1226,10,38
3,36,11,39
MRI,60,11,39
5,835,7,35
8,458,7,35
1,84,9,37
1,48,8,36
6,330,11,39
5,742,11,39
1,68,10,38
3,172,3,31
2,60,10,38
9,96,9,37
1,78,11,39
MRI,60,8,36
2,58,14,42
7,31,14,42
5,605,14,42
6,513,14,42
7,50,9,37
9,968,14,42
7,931,14,42
MRI,53,15,43
7,64,15,43
5,159,15,43
7,533,10,38
10,175,14,42
MRI,62,15,43
5,203,15,43
7,81,15,43
7,28,15,43
MRI,44,15,43
3,63,15,43
10,116,14,42
5,134,15,43
3,31,15,43
6,50,16,44
MRI,57,15,43
10,45,15,43
4,266,16,44
7,69,15,43
4,86,16,44
9,746,16,44
7,990,16,44
5,1383,16,44
4,115,16,44
8,320,16,44
5,609,17,45
7,59,17,45
MRI,27,18,46
MRI,31,18,46
MRI,42,18,46
6,134,16,44
1,93,16,44
3,82,18,46
MRI,45,18,46
3,111,18,46
4,102,17,45
7,901,18,46
1,70,15,43
4,1330,18,46
1,98,17,45
3,65,18,46
MRI,36,18,46
7,46,16,44
5,1082,18,46
6,482,21,49
5,89,21,49
MRI,74,21,49
3,60,1,29
10,216,16,44
9,79,21,49
5,510,21,49
MRI,42,21,49
5,282,22,50
4,67,22,50
4,28,22,50
2,147,22,50
5,279,22,50
5,60,23,51
MRI,38,22,50
3,647,22,50
2,132,22,50
5,770,23,51
4,291,23,51
7,40,22,50
6,119,23,51
8,582,21,49
2,53,17,45
9,98,23,51
5,32,24,52
MRI,42,25,53
3,327,25,53
1,73,23,51
8,108,25,53
4,924,25,53
MRI,57,25,53
5,1475,25,53
MRI,78,25,53
3,88,25,53
10,674,21,49
1,61,22,50
8,491,14,42
3,129,23,51
3,105,14,42
2,60,7,35
7,407,24,52
4,168,23,51
3,212,21,49
9,90,0,56
1,49,14,42
5,451,0,56
7,755,0,56
1,70,0,56
7,47,1,57
MRI,56,1,57
MRI,60,1,57
MRI,41,1,57
2,120,1,57
5,38,1,57
1,17,1,57
6,2142,0,56
2,130,1,57
9,873,0,56
1,74,21,49
4,159,2,58
7,77,1,57
3,56,2,58
5,912,2,58
7,1041,2,58
1,129,2,58
7,54,2,58
9,86,2,58
8,84,4,60
4,729,4,60
10,407,2,58
7,1202,4,60
2,200,0,56
8,616,0,56
1,98,3,59
9,3338,2,58
3,31,1,57
1,80,4,60
MRI,48,7,63
6,700,7,63
10,151,7,63
8,66,8,64
MRI,28,7,63
5,210,8,64
5,207,8,64
MRI,19,8,64
9,115,9,65
2,36,21,49
8,90,9,65
1,82,7,63
6,63,9,65
6,649,9,65
10,907,0,28
2,37,10,66
MRI,57,7,63
2,51,7,63
3,68,7,35
1,45,8,64
1,50,9,65
5,37,9,65
7,46,9,65
2,130,24,52
5,1268,7,63
3,482,17,45
MRI,38,11,67
8,333,7,63
MRI,19,11,67
3,236,11,67
3,115,11,67
4,149,11,67
5,1546,11,67
MRI,44,11,67
MRI,100,22,50
7,51,14,70
6,581,14,70
1,82,11,67
7,907,14,70
10,91,14,70
9,72,9,65
MRI,59,15,71
1,85,10,66
5,1591,14,70
3,31,15,71
7,32,15,71
MRI,40,15,71
5,146,15,71
MRI,59,15,71
5,157,15,71
10,335,15,71
MRI,57,15,71
9,1020,14,70
2,151,14,70
3,44,15,71
6,40,16,72
4,82,16,72
MRI,66,15,71
4,164,16,72
10,248,14,70
7,32,16,72
4,54,16,72
8,522,14,70
7,44,17,73
1,95,16,72
5,2199,16,72
7,446,16,72
MRI,56,18,74
3,113,18,74
3,40,18,74
MRI,39,18,74
1,52,14,70
4,937,18,74
MRI,44,18,74
1,64,17,73
MRI,56,18,74
5,618,18,74
2,18,17,73
7,671,18,74
1,494,18,74
10,656,0,56
MRI,71,21,77
MRI,62,21,77
5,37,21,77
5,559,21,77
6,549,21,77
2,252,22,78
MRI,50,21,77
3,312,22,78
1,74,21,77
MRI,96,22,78
5,160,22,78
9,56,21,77
1,73,15,71
5,232,22,78
4,38,22,78
MRI,40,22,78
4,61,22,78
5,96,22,78
7,78,23,79
10,135,23,79
7,71,22,78
4,40,23,79
6,242,23,79
1,103,23,79
3,217,25,81
9,49,23,79
8,1882,1,57
4,742,25,81
5,907,24,80
3,56,25,81
1,64,24,80
3,166,21,77
1,55,22,78
1,82,0,84
5,534,0,84
6,546,0,84
2,59,21,77
7,1136,0,84
1,719,25,81
7,70,1,85
MRI,48,1,85
3,205,14,70
2,511,1,85
2,280,1,85
9,46,2,86
4,101,2,86
3,69,2,86
1,68,1,85
5,1133,2,86
10,838,0,84
8,940,2,86
7,52,2,86
9,1577,2,86
5,1146,3,87
8,338,0,84
1,60,2,86
MRI,69,4,88
5,1038,4,88
4,1516,4,88
7,575,2,86
1,84,3,87
2,37,24,80
10,191,2,86
6,54,4,88
3,460,4,88
2,64,0,84
9,909,21,77
6,326,7,91
10,98,7,91
6,293,7,91
8,45,8,92
MRI,50,7,91
5,155,8,92
9,1920,7,91
MRI,48,7,91
5,184,8,92
10,118,7,91
5,88,8,92
6,83,9,93
6,365,9,93
3,182,10,38
4,220,9,93
9,103,9,93
4,770,10,94
1,54,9,93
5,1755,10,94
9,989,23,79
3,152,11,95
MRI,57,11,95
1,57,7,91
8,562,7,91
1,91,11,95
1,40,4,88
3,145,0,84
1,71,8,92
7,36,14,98
9,66,9,93
9,854,9,93
9,826,14,98
5,329,14,98
9,1252,16,72
6,1238,14,98
5,913,14,98
3,38,15,99
MRI,71,15,99
7,996,14,98
MRI,69,15,99
3,28,15,99
MRI,38,15,99
MRI,68,15,99
3,75,11,95
5,166,15,99
MRI,60,15,99
5,309,15,99
5,122,15,99
6,109,16,100
4,86,16,100
5,1678,16,100
8,190,16,100
4,236,16,100
9,937,16,100
3,303,17,73
3,259,7,91
MRI,72,18,102
MRI,40,18,102
3,47,18,102
3,217,18,102
4,598,18,102
1,86,15,99
7,75,16,100
5,786,7,91
5,907,18,102
9,190,23,79
3,26,18,102
1,73,14,98
3,161,10,94
MRI,19,18,102
1,70,16,100
MRI,56,18,102
MRI,64,21,105
5,64,21,105
1,58,17,101
9,62,21,105
2,54,17,101
2,48,21,105
MRI,41,21,105
6,959,21,105
MRI,54,21,105
3,181,21,105
2,198,22,106
4,21,22,106
MRI,32,22,106
5,208,22,106
5,200,22,106
5,307,22,106
3,457,22,106
9,69,23,107
9,103,23,107
2,30,7,91
5,33,23,107
4,43,22,106
2,61,24,108
4,585,23,107
1,72,22,106
5,755,21,105
7,737,18,102
6,208,23,107
7,44,25,109
9,1635,23,107
MRI,46,25,109
MRI,43,25,109
8,91,25,109
3,95,25,109
1,56,21,105
MRI,39,25,109
4,718,25,109
MRI,42,25,109
3,50,25,109
5,1041,23,107
1,65,24,108
3,218,23,107
8,692,14,98
2,90,0,112
5,649,0,112
8,698,21,105
6,605,0,112
7,95,1,113
MRI,45,25,109
1,36,0,112
1,68,1,113
7,1078,0,112
2,714,1,113
2,171,1,113
7,59,23,107
3,38,2,114
10,599,21,105
4,127,2,114
8,578,0,112
7,710,2,114
3,116,7,63
5,834,2,114
1,675,25,109
6,177,3,115
7,63,2,114
9,111,2,114
5,45,3,115
MRI,32,4,116
8,3070,2,114
3,323,4,116
4,957,4,116
5,886,3,115
3,20,4,116
5,1158,4,116
9,80,2,114
1,100,2,114
MRI,75,22,106
1,91,3,115
7,539,4,116
2,48,7,119
4,127,3,115
10,75,7,119
6,646,7,119
MRI,42,7,119
9,1938,7,119
9,1507,0,112
5,210,8,120
3,295,8,120
MRI,46,8,120
5,75,8,120
5,170,8,120
5,54,9,121
10,500,0,112
6,327,9,121
6,82,9,121
7,56,9,121
5,45,9,121
1,46,7,119
9,1181,9,121
4,324,9,121
1,83,4,116
10,141,7,119
1,60,8,120
MRI,50,11,123
3,331,11,123
MRI,43,11,123
1,87,23,107
1,94,11,123
5,58,10,122
5,634,7,119
5,34,11,123
3,32,11,123
1,48,10,122
2,89,10,122
7,66,14,126
6,466,14,126
5,595,14,126
7,1307,14,126
7,71,15,127
8,526,7,119
MRI,29,1,113
8,86,15,127
1,64,14,126
5,217,15,127
5,248,15,127
9,81,9,121
5,132,15,127
4,104,16,128
5,1141,16,128
6,53,16,128
4,67,16,128
2,47,14,126
2,47,17,129
3,113,7,119
8,176,16,128
1,83,15,127
7,29,16,128
MRI,53,18,130
MRI,51,18,130
MRI,65,18,130
9,936,14,126
3,160,18,130
3,66,18,130
7,541,18,130
4,1209,18,130
5,1614,18,130
8,350,14,126
1,67,16,128
1,462,18,130
1,59,17,129
MRI,64,21,133
MRI,81,21,133
6,607,21,133
9,56,0,112
2,67,21,133
5,909,21,133
3,219,14,98
3,356,0,28
7,80,22,134
MRI,38,22,134
MRI,64,22,134
2,115,22,134
3,594,22,134
4,30,22,134
5,218,22,134
2,68,22,134
5,216,22,134
4,73,22,134
3,275,14,126
4,45,23,135
9,238,23,135
4,215,23,135
5,895,23,135
5,66,21,133
4,132,24,136
7,516,24,136
3,112,21,133
MRI,55,25,137
3,362,25,137
4,53,22,134
7,101,25,137
3,144,24,136
4,969,25,137
5,2153,24,136
9,64,23,135
1,122,23,135
9,53,21,133
1,81,21,133
1,79,22,134
8,462,21,133
10,497,21,133
1,62,24,136
5,306,0,140
1,63,0,140
6,427,0,140
5,320,0,140
3,228,3,115
2,46,14,98
7,1270,0,140
9,108,0,140
2,265,1,141
9,1505,16,128
2,172,1,141
1,87,1,141
9,84,2,142
9,1156,0,140
3,121,0,0
4,91,2,142
4,57,2,114
4,76,2,142
5,1283,2,142
7,1337,2,142
3,77,2,142
7,46,1,141
8,943,2,142
5,793,3,143
1,105,2,142
4,131,3,143
3,469,3,143
2,45,3,143
MRI,48,4,144
7,47,2,142
6,36,4,144
10,1461,0,140
MRI,39,4,144
3,136,0,140
4,1082,4,144
3,328,4,144
1,64,4,144
7,574,4,144
3,211,23,135
1,91,3,143
9,41,2,142
5,1154,4,144
MRI,56,7,147
6,698,7,147
10,147,7,147
10,149,7,147
1,41,7,147
8,493,0,140
MRI,83,8,148
5,213,8,148
2,71,24,136
7,77,8,148
2,32,7,147
5,229,8,148
10,107,7,147
2,216,8,148
5,75,9,149
7,93,9,149
6,78,9,149
6,342,9,149
9,96,9,149
7,59,9,149
10,108,9,149
3,320,7,147
10,34,9,149
5,375,9,149
1,42,9,149
8,311,7,147
2,72,10,150
4,279,9,149
5,117,9,149
6,56,10,150
6,91,10,150
8,2549,9,149
9,127,9,149
MRI,46,11,151
9,44,9,121
3,155,11,151
MRI,42,11,151
5,734,11,151
4,1354,10,150
3,57,11,151
3,196,3,59
1,88,11,151
MRI,55,11,151
MRI,40,7,147
7,65,9,149
5,1160,7,147
7,45,9,149
3,163,10,150
6,146,11,151
1,108,10,150
6,426,14,154
10,81,14,154
5,871,14,154
10,45,14,154
7,1183,14,154
9,1326,14,154
9,1290,2,142
MRI,54,15,155
3,27,15,155
MRI,38,15,155
1,65,8,148
MRI,45,15,155
5,318,15,155
MRI,34,15,155
5,247,15,155
3,59,15,155
10,183,15,155
10,99,14,154
7,109,16,156
4,375,16,156
6,91,16,156
4,68,16,156
3,211,0,112
3,20,14,14
2,90,14,154
5,1303,16,156
2,66,17,157
9,1204,16,156
6,169,16,156
8,378,16,156
8,487,14,154
1,83,15,155
8,819,15,155
MRI,64,18,158
7,858,16,156
3,294,18,158
3,87,18,158
MRI,55,18,158
MRI,31,18,158
4,789,18,158
5,731,18,158
7,48,15,155
6,920,18,158
7,40,14,154
MRI,45,18,158
1,790,18,158
1,111,16,156
1,88,14,154
4,43,16,156
1,48,17,157
10,299,16,156
MRI,21,21,161
2,63,21,161
9,92,21,161
6,435,21,161
7,65,17,157
9,771,21,161
5,619,21,161
5,46,21,161
2,87,0,140
2,154,15,155
1,59,21,161
MRI,52,22,162
MRI,46,21,161
7,45,22,162
4,36,22,162
4,33,22,162
3,28,22,162
5,239,22,162
3,25,22,162
3,269,22,162
7,59,22,162
4,30,22,162
2,228,22,162
5,218,22,162
9,38,23,163
8,807,22,162
5,40,23,163
2,11,22,162
1,95,22,162
10,123,23,163
9,815,23,163
3,338,23,163
6,134,23,163
4,315,23,163
5,266,24,164
8,156,23,163
MRI,84,22,162
3,131,21,161
1,59,23,163
7,208,8,8
7,76,25,165
9,813,9,149
3,33,25,165
MRI,33,25,165
3,236,25,165
1,79,24,164
3,67,25,165
4,1008,25,165
8,565,21,161
5,753,25,165
7,61,23,163
7,58,25,165
6,246,25,165
MRI,51,25,165
MRI,43,25,165
1,1954,25,165
7,458,24,164
1,29,0,168
5,475,0,168
6,574,0,168
MRI,84,25,165
9,786,0,168
2,128,0,168
7,1125,0,168
2,138,1,169
MRI,52,1,169
1,26,1,169
3,17,1,169
2,175,1,169
MRI,45,1,169
3,48,2,170
5,103,1,169
7,42,2,170
4,311,2,170
5,871,2,170
10,204,0,168
2,67,24,164
9,1937,2,170
8,496,0,168
MRI,83,4,172
7,58,1,169
1,74,3,171
MRI,25,4,172
7,51,1,169
4,1211,4,172
8,875,2,170
1,70,4,172
3,557,4,172
1,92,2,170
7,857,4,172
9,94,2,170
10,285,2,170
2,63,7,175
MRI,68,7,175
10,90,7,175
6,331,7,175
9,85,23,163
6,979,7,175
10,432,21,161
2,78,1,169
9,1546,7,175
5,224,8,176
1,85,7,175
5,149,8,176
8,67,8,176
7,30,9,177
5,80,8,176
5,66,9,177
6,82,9,177
6,376,9,177
MRI,34,8,176
3,301,24,164
4,76,2,170
9,89,0,168
3,55,1,169
5,82,10,178
7,76,9,177
MRI,50,7,175
6,16,10,178
10,90,7,175
MRI,71,11,179
7,57,9,177
3,135,11,179
4,139,11,179
2,69,10,178
3,260,7,175
MRI,171,8,176
8,1679,9,177
3,645,8,176
4,312,9,177
4,130,11,179
1,76,10,178
1,195,8,176
3,37,11,179
5,1009,7,175
1,70,9,177
8,426,7,175
3,143,17,157
7,66,14,182
5,1111,11,179
5,462,14,182
6,473,14,182
2,43,14,182
MRI,32,11,179
1,56,11,179
10,87,14,182
MRI,36,15,183
5,68,15,183
3,30,15,183
MRI,90,15,183
7,1321,14,182
3,26,15,183
5,156,15,183
MRI,51,15,183
5,150,15,183
MRI,31,15,183
10,106,14,182
5,210,15,183
7,56,16,184
4,57,16,184
6,84,16,184
1,112,14,182
4,154,16,184
4,88,16,184
5,1352,16,184
1,84,16,184
7,42,15,183
9,1352,14,182
7,955,16,184
2,314,15,183
8,914,15,183
MRI,48,18,186
3,242,18,186
8,118,16,184
4,726,18,186
5,1124,17,185
3,59,18,186
1,77,17,185
1,130,15,183
10,144,14,182
3,72,18,186
5,1298,18,186
MRI,36,18,186
9,40,2,170
MRI,47,15,183
7,47,17,185
1,918,18,186
MRI,55,21,189
9,48,21,189
2,46,21,189
2,50,17,185
5,57,21,189
MRI,54,21,189
6,989,21,189
5,1028,21,189
8,487,14,182
10,327,16,184
MRI,49,21,189
7,54,22,190
7,68,22,190
5,367,22,190
4,46,22,190
10,60,22,190
4,41,22,190
2,54,22,190
3,28,22,190
5,170,22,190
2,178,22,190
3,15,22,190
7,80,23,191
10,87,23,191
MRI,68,22,190
6,215,23,191
5,82,23,191
4,272,23,191
9,38,23,191
3,377,22,190
1,61,21,189
7,49,22,190
MRI,39,25,193
7,50,25,193
MRI,48,25,193
8,237,23,191
MRI,53,25,193
3,79,25,193
3,113,10,178
7,46,25,193
1,81,22,190
8,437,21,189
4,1278,25,193
9,1691,16,184
1,92,23,191
9,958,23,191
MRI,50,25,193
3,183,21,189
1,887,25,193
6,271,0,196
1,74,0,196
5,572,0,196
7,844,0,196
9,48,0,196
7,72,1,197
MRI,72,1,197
2,348,1,197
7,500,24,192
9,1534,0,196
2,179,1,197
2,53,0,196
MRI,54,1,197
1,68,1,197
MRI,63,1,197
4,105,2,198
5,1088,2,198
7,653,18,186
7,54,2,198
2,68,3,199
1,93,24,192
1,49,2,198
3,90,2,198
9,103,2,198
MRI,49,4,200
8,318,0,196
MRI,77,22,190
7,1318,2,198
4,742,4,200
2,36,24,192
9,1034,2,198
MRI,67,4,200
10,205,0,196
8,1018,2,198
3,223,4,200
1,98,4,200
9,46,2,198
2,54,7,203
1,71,3,199
6,391,7,203
MRI,132,7,203
3,168,0,168
10,94,7,203
MRI,38,7,203
MRI,63,7,203
5,229,8,204
MRI,62,7,203
5,267,8,204
8,47,8,204
9,91,9,205
5,27,9,205
6,145,9,205
10,160,7,203
6,539,9,205
4,396,9,205
3,173,23,191
1,76,7,203
7,265,4,200
5,48,9,205
5,1245,7,203
MRI,33,8,204
MRI,60,8,204
3,644,8,204
9,1065,9,205
5,1016,10,206
1,104,8,204
3,53,11,207
3,188,11,207
5,30,11,207
10,258,21,189
MRI,41,11,207
9,93,9,205
5,602,11,207
4,3212,10,206
1,157,10,206
1,74,11,207
1,58,9,205
3,99,10,206
2,28,14,210
7,67,14,210
6,317,14,210
9,980,14,210
5,1309,14,210
6,578,14,210
5,174,15,211
3,17,15,211
MRI,37,15,211
3,26,15,211
7,69,15,211
MRI,42,15,211
5,285,15,211
7,1679,14,210
7,50,16,212
8,322,7,203
4,155,16,212
1,79,15,211
6,57,16,212
4,56,16,212
8,529,16,212
2,47,17,213
5,1588,16,212
1,101,14,210
9,1644,7,203
7,824,16,212
MRI,36,18,214
MRI,39,18,214
4,75,17,213
3,253,18,214
4,787,18,214
MRI,38,18,214
10,152,14,210
MRI,49,18,214
1,1239,18,214
1,38,17,213
8,292,14,210
7,64,17,213
9,45,21,217
1,73,16,212
MRI,61,21,217
2,18,21,217
9,778,21,189
MRI,53,21,217
5,788,21,217
6,1036,21,217
5,104,21,217
7,80,22,218
MRI,52,21,217
3,494,22,218
5,348,22,218
9,993,16,212
4,24,22,218
2,125,22,218
5,233,22,218
1,63,22,218
4,27,22,218
5,144,22,218
9,176,23,219
7,50,23,219
1,74,21,217
10,153,23,219
5,1203,23,219
9,1244,23,219
7,363,24,220
3,91,0,56
MRI,41,22,218
1,55,23,219
MRI,66,25,221
3,421,17,213
MRI,29,25,221
3,147,25,221
7,40,25,221
4,939,25,221
3,196,21,217
1,93,24,220
MRI,33,25,221
2,78,24,220
MRI,73,22,218
4,91,23,219
3,108,14,182
3,59,25,221
6,509,0,224
1,68,0,224
5,558,0,224
MRI,66,1,225
MRI,50,1,225
9,1542,0,224
2,407,1,225
9,210,0,224
MRI,49,1,225
1,64,1,225
7,1246,0,224
1,2246,25,221
2,293,1,225
7,83,1,225
7,79,2,226
5,77,1,225
4,225,2,226
3,40,2,226
9,102,2,226
7,573,2,226
5,1092,2,226
2,135,3,227
5,882,3,227
7,632,18,214
1,59,2,226
8,588,0,224
7,109,1,225
2,90,0,224
5,827,4,228
MRI,36,4,228
4,1361,4,228
3,313,3,227
3,244,14,154
4,49,23,191
2,23,7,231
1,27,3,227
6,360,7,231
10,72,7,231
7,871,4,228
MRI,61,8,232
1,111,4,228
10,129,7,231
5,398,8,232
8,343,21,217
8,86,8,232
MRI,63,8,232
5,103,8,232
MRI,27,7,231
9,112,9,233
6,120,9,233
10,106,9,233
4,216,9,233
6,661,9,233
5,18,9,233
7,118,9,233
10,84,9,233
8,507,9,233
5,288,9,233
6,104,10,234
5,47,10,234
7,50,9,233
7,64,10,234
1,40,7,231
3,97,11,235
8,191,7,231
1,104,8,232
5,20,9,233
3,99,11,235
1,62,10,234
2,47,10,234
9,55,2,226
9,170,9,233
3,159,0,224
5,3601,11,235
7,39,14,238
2,78,14,238
6,705,14,238
7,819,14,238
1,66,11,235
5,381,14,238
9,111,23,219
5,247,15,239
9,997,14,238
1,78,14,238
MRI,25,15,239
MRI,49,15,239
10,149,14,238
5,232,15,239
3,36,15,239
7,62,15,239
6,116,16,240
4,111,16,240
7,575,16,240
4,134,16,240
9,1206,16,240
1,61,9,233
3,29,15,239
7,51,16,240
10,99,14,238
8,101,16,240
MRI,58,18,242
MRI,42,18,242
MRI,66,18,242
3,284,10,122
3,64,18,242
3,78,18,242
7,345,18,242
MRI,45,18,242
5,3796,16,240
4,1056,18,242
1,97,15,239
2,30,17,241
2,61,10,206
1,92,17,241
1,906,18,242
2,49,21,245
3,98,17,241
MRI,52,21,245
1,67,16,240
5,32,21,245
MRI,26,21,245
MRI,17,21,245
7,47,17,241
6,814,21,245
9,1144,2,226
MRI,32,22,246
MRI,71,21,245
3,48,22,246
5,103,22,246
4,33,22,246
4,25,22,246
5,321,22,246
2,64,22,246
7,44,23,247
9,1062,21,245
5,59,21,245
5,928,7,231
3,304,22,246
5,21,24,248
3,170,21,245
2,46,24,248
1,100,22,246
9,127,23,247
9,1304,23,247
MRI,74,25,249
3,211,25,249
1,73,24,248
MRI,60,25,249
9,98,21,245
MRI,41,25,249
1,54,21,245
5,104,24,248
1,418,25,249
4,1388,25,249
7,28,22,246
3,89,25,249
5,42,1,197
MRI,91,22,246
3,765,10,234
1,83,23,247
9,86,0,252
1,73,0,252
8,319,14,238
MRI,64,25,249
5,605,0,252
6,288,0,252
7,1022,0,252
3,159,24,248
3,46,1,253
7,51,1,253
2,148,1,253
MRI,59,1,253
1,26,1,253
2,64,1,253
MRI,46,1,253
2,173,1,253
MRI,55,1,253
9,137,2,254
7,47,2,254
4,219,2,254
9,60,23,247
3,73,2,254
8,771,2,254
7,590,2,254
5,1017,2,254
4,54,2,254
10,422,21,245
9,83,2,254
2,67,3,255
4,137,3,255
9,843,0,252
2,64,0,252
3,25,1,253
9,1528,2,254
MRI,53,4,256
MRI,54,4,256
4,552,4,256
10,439,0,252
5,1144,4,256
MRI,54,4,256
3,364,4,256
1,73,3,255
1,71,2,254
3,327,3,255
3,106,14,238
8,482,0,252
MRI,72,7,259
MRI,40,7,259
7,4614,4,256
MRI,67,4,256
6,444,7,259
MRI,44,7,259
10,100,7,259
1,76,4,256
MRI,57,7,259
9,1582,7,259
MRI,46,8,260
8,259,8,260
MRI,48,8,260
3,490,8,260
5,138,8,260
MRI,59,4,256
5,206,8,260
5,173,8,260
2,422,8,260
2,40,7,259
10,183,7,259
10,220,9,261
5,38,9,261
6,495,9,261
6,65,9,261
8,712,9,261
10,94,7,259
7,43,9,261
1,54,8,260
5,27,10,262
8,578,7,259
7,47,9,261
1,73,9,261
9,102,9,261
9,94,9,261
5,166,10,262
4,220,9,261
1,104,7,259
3,50,11,263
4,1742,10,262
3,193,11,263
9,897,9,261
5,695,11,263
MRI,142,8,260
10,120,10,262
4,152,11,263
MRI,56,11,263
1,53,10,262
6,278,14,266
5,359,14,266
2,94,14,266
7,974,14,266
9,1389,14,266
10,193,14,266
3,35,15,267
MRI,45,15,267
MRI,46,15,267
3,24,15,267
1,78,11,263
8,263,21,245
5,216,15,267
5,299,15,267
7,34,15,267
MRI,44,15,267
7,56,14,266
6,109,16,268
4,63,16,268
5,1758,16,268
MRI,71,8,260
4,194,16,268
7,84,16,268
1,73,14,266
6,231,16,268
9,831,16,268
2,53,10,262
MRI,65,18,270
MRI,56,18,270
MRI,54,18,270
1,67,15,267
2,90,17,269
1,74,16,268
3,151,18,270
MRI,51,18,270
4,947,18,270
7,987,18,270
8,132,16,268
1,122,17,269
5,1330,18,270
5,1405,7,259
3,81,18,270
MRI,51,18,270
9,66,21,273
7,636,24,248
2,89,21,273
5,51,21,273
MRI,47,21,273
MRI,54,21,273
7,387,16,268
3,237,24,192
6,447,21,273
5,507,21,273
MRI,86,21,273
MRI,42,22,274
MRI,54,21,273
7,66,22,274
4,55,22,274
MRI,19,21,273
10,67,22,274
4,23,22,274
2,161,22,274
3,495,22,274
5,271,22,274
5,152,22,274
1,618,18,270
8,664,14,266
MRI,53,21,273
8,1565,22,274
5,66,23,275
MRI,55,22,274
1,82,21,273
MRI,43,15,267
4,233,23,275
7,612,23,275
1,86,23,275
6,160,23,275
5,681,23,275
7,994,24,276
3,146,7,231
5,41,25,277
MRI,65,25,277
7,50,22,274
5,157,25,277
4,57,23,275
3,47,25,277
3,171,25,277
4,1013,25,277
3,170,21,273
8,550,21,273
1,96,24,276
MRI,110,25,277
5,1029,25,277
9,2179,23,275
7,71,25,277
3,191,23,275
9,97,23,275
2,17,0,280
5,303,0,280
1,52,0,280
6,750,0,280
1,529,25,277
7,671,0,280
5,868,0,280
9,86,0,280
9,1423,0,280
3,343,0,196
MRI,48,1,281
7,48,1,281
MRI,60,1,281
2,374,1,281
MRI,33,1,281
1,46,1,281
2,87,1,281
9,62,2,282
7,113,2,282
3,44,2,282
1,104,22,274
8,1049,2,282
4,133,2,282
1,45,2,282
3,91,0,280
5,1140,2,282
9,1169,2,282
MRI,61,1,281
2,17,24,276
4,135,3,283
MRI,32,4,284
8,574,0,280
4,1384,4,284
MRI,48,25,277
9,153,2,282
7,57,1,281
3,384,7,259
10,448,21,273
MRI,51,7,287
6,472,7,287
2,83,7,287
9,1493,7,287
MRI,54,8,288
MRI,48,8,288
10,332,2,282
MRI,85,7,287
MRI,40,8,288
5,132,8,288
8,58,8,288
5,96,8,288
1,74,4,284
3,309,8,288
5,220,8,288
MRI,40,7,287
6,70,9,289
9,114,9,289
10,190,7,287
10,114,9,289
6,521,9,289
9,801,9,289
9,167,9,289
2,53,10,290
4,76,2,282
9,83,23,275
4,209,9,289
5,48,9,289
5,182,10,290
7,495,2,282
9,959,21,273
MRI,47,11,291
4,173,11,291
MRI,66,11,291
3,120,11,291
4,157,11,291
MRI,40,11,291
1,105,9,289
MRI,56,11,291
5,772,11,291
1,59,8,288
5,35,10,290
3,89,11,291
5,882,7,287
MRI,49,11,291
1,81,7,287
3,348,24,276
3,111,10,262
7,215,11,291
7,35,14,294
6,178,11,291
2,47,14,294
6,480,14,294
5,408,14,294
10,75,14,294
9,948,14,294
MRI,63,15,295
MRI,39,15,295
3,45,15,295
3,39,15,295
MRI,67,15,295
8,555,7,287
10,184,14,294
7,43,15,295
MRI,50,15,295
7,1079,14,294
5,144,15,295
5,193,15,295
MRI,57,15,295
5,154,15,295
5,96,15,295
1,71,14,294
6,107,16,296
4,194,16,296
4,71,16,296
6,171,16,296
1,61,15,295
4,69,16,296
7,33,17,297
8,160,16,296
10,460,0,280
10,75,14,294
5,2177,16,296
4,89,17,297
7,137,17,297
1,66,17,297
3,123,18,298
MRI,62,15,295
MRI,41,18,298
4,968,18,298
10,198,16,296
10,202,18,298
5,1477,18,298
7,63,16,296
1,89,3,283
2,119,15,295
1,118,16,296
7,66,18,298
3,77,18,298
1,416,18,298
2,39,17,297
MRI,37,21,301
2,53,21,301
MRI,41,21,301
6,351,21,301
6,212,21,301
5,677,21,301
9,76,21,301
MRI,50,22,302
7,66,22,302
7,134,22,302
4,39,22,302
6,860,18,298
5,99,22,302
7,89,22,302
5,143,22,302
2,266,22,302
5,175,22,302
MRI,175,11,291
1,71,21,301
5,61,21,301
4,32,22,302
5,937,23,303
4,246,23,303
6,155,23,303
10,238,21,301
1,70,23,303
8,336,14,294
9,42,23,303
3,138,7,287
7,1333,24,304
MRI,59,22,302
MRI,32,25,305
MRI,46,25,305
3,315,22,302
3,305,25,305
3,165,21,301
MRI,61,25,305
1,371,25,305
MRI,60,25,305
7,44,25,305
5,989,24,304
5,45,23,303
4,1557,25,305
1,58,24,304
MRI,40,18,298
3,239,7,203
8,158,18,298
1,77,22,302
6,423,0,308
7,650,16,296
1,60,0,308
5,827,0,308
7,1149,0,308
8,513,21,301
7,78,1,309
MRI,34,1,309
3,304,23,303
1,47,1,309
MRI,66,1,309
2,91,1,309
3,481,14,210
5,82,1,309
MRI,89,21,301
2,82,1,309
2,1429,1,309
4,227,2,310
7,82,2,310
9,107,2,310
9,150,2,310
4,68,2,310
5,1027,2,310
7,82,23,303
3,194,2,310
7,1056,2,310
4,118,3,311
8,686,2,310
5,780,3,311
3,243,24,304
6,155,3,311
7,71,4,312
1,57,2,310
6,71,4,312
3,128,3,311
5,873,4,312
4,888,4,312
9,1421,23,303
10,794,0,308
MRI,54,4,312
9,1454,0,308
3,268,4,312
1,55,3,311
7,628,4,312
2,32,3,311
4,480,2,310
MRI,53,7,315
2,49,7,315
10,281,2,310
8,639,4,312
MRI,44,7,315
10,78,7,315
6,287,7,315
6,230,7,315
10,108,7,315
10,177,7,315
2,63,0,308
5,129,8,316
MRI,68,8,316
5,302,8,316
8,71,8,316
3,152,0,308
3,453,8,316
MRI,82,8,316
2,258,8,316
9,310,0,308
10,171,9,317
6,83,9,317
6,225,9,317
9,101,9,317
1,36,4,312
7,85,9,317
7,257,9,317
5,123,9,317
MRI,45,7,315
6,162,9,317
4,248,9,317
1,78,7,315
7,83,9,317
10,113,9,317
9,183,9,317
5,30,9,317
8,108,8,316
5,42,9,317
1,76,9,317
5,774,10,318
6,153,10,318
4,619,10,318
8,1787,9,317
3,145,11,319
1,60,8,316
4,136,11,319
MRI,35,11,319
5,985,7,315
MRI,45,11,319
7,592,10,318
7,162,8,316
5,1024,11,319
8,187,0,308
3,53,11,319
7,177,11,319
1,71,11,319
3,198,14,322
9,1509,7,315
1,73,10,318
5,339,14,322
6,495,14,322
2,48,10,318
9,1442,9,317
7,1055,14,322
10,113,14,322
10,145,14,322
7,35,14,322
5,1063,14,322
MRI,39,15,323
7,45,15,323
7,51,15,323
MRI,20,15,323
3,34,15,323
5,111,15,323
5,331,15,323
5,79,15,323
7,57,16,324
9,1005,14,322
4,57,16,324
6,86,16,324
7,49,15,323
4,146,16,324
8,51,16,324
4,86,16,324
MRI,43,15,323
7,970,16,324
2,76,17,325
7,83,17,325
7,46,17,325
3,179,10,318
9,901,16,296
MRI,64,18,326
5,2953,16,324
4,127,17,325
MRI,45,18,326
3,127,18,326
1,100,16,324
3,56,18,326
MRI,42,18,326
4,1085,18,326
1,118,15,323
9,2156,16,324
MRI,49,18,326
5,708,18,326
8,400,7,315
1,78,14,322
10,107,14,322
2,182,15,323
10,354,16,324
MRI,66,21,329
6,383,21,329
2,85,14,322
MRI,44,21,329
5,735,21,329
MRI,49,21,329
MRI,46,22,330
1,79,17,325
3,374,22,330
4,59,22,330
5,37,21,329
6,167,11,319
5,178,22,330
4,15,22,330
5,341,22,330
3,29,22,330
2,216,22,330
3,41,15,323
8,510,14,322
7,72,23,331
5,87,23,331
10,633,21,329
8,1297,22,330
1,75,21,329
5,730,23,331
4,208,23,331
10,139,23,331
7,500,23,331
9,901,21,329
1,64,23,331
8,309,23,331
MRI,111,22,330
6,188,23,331
5,752,24,332
6,157,23,331
3,170,25,333
3,62,25,333
7,46,25,333
1,68,22,330
MRI,77,25,333
4,667,25,333
7,64,25,333
8,129,21,329
1,65,24,332
9,77,21,329
3,171,23,331
5,753,25,333
9,59,23,331
MRI,44,25,333
4,259,24,332
7,67,22,330
6,209,0,336
5,368,0,336
7,1021,0,336
6,486,0,336
MRI,65,1,337
9,1602,0,336
2,79,1,337
5,77,1,337
2,212,1,337
7,47,1,337
1,57,1,337
1,43,0,336
8,1197,1,337
4,168,2,338
MRI,67,1,337
2,45,21,329
3,63,2,338
7,65,2,338
4,66,2,338
5,1180,2,338
2,22,3,339
9,72,23,331
7,516,2,338
3,539,3,339
3,86,0,336
8,1130,2,338
5,117,3,339
3,335,2,338
1,72,3,339
1,70,2,338
4,104,3,339
6,35,4,340
7,184,4,340
MRI,68,4,340
MRI,51,4,340
7,53,4,340
10,362,4,340
2,58,0,336
4,1022,4,340
5,1079,4,340
8,2112,4,340
3,182,4,340
1,98,4,340
1,874,25,333
MRI,43,4,340
MRI,56,7,343
MRI,66,7,343
MRI,136,7,343
3,140,21,329
MRI,68,7,343
6,997,7,343
MRI,42,7,343
10,92,7,343
9,1197,7,343
MRI,55,1,337
MRI,60,8,344
10,86,7,343
8,36,8,344
MRI,61,8,344
10,129,7,343
5,438,8,344
7,44,8,344
2,246,8,344
7,49,9,345
1,68,7,343
10,54,9,345
7,57,9,345
10,113,9,345
5,596,7,343
6,98,9,345
7,58,9,345
4,200,9,345
6,316,9,345
6,208,9,345
5,57,9,345
1,49,8,344
3,213,7,343
5,53,9,345
3,184,10,346
2,46,7,343
6,28,10,346
6,33,10,346
6,133,10,346
9,50,0,336
4,969,10,346
MRI,42,8,344
5,1599,10,346
3,82,11,347
8,662,9,345
3,597,8,344
3,59,11,347
4,95,11,347
1,59,10,346
8,337,7,343
MRI,60,11,347
MRI,37,8,344
5,774,11,347
1,49,9,345
6,167,11,347
5,148,9,345
9,79,9,345
7,374,11,347
9,135,9,345
2,44,14,350
7,60,14,350
3,209,24,332
5,522,14,350
10,82,14,350
6,912,14,350
10,93,14,350
7,1185,14,350
7,29,15,351
7,72,15,351
5,165,15,351
MRI,54,15,351
MRI,50,15,351
3,161,15,351
10,156,10,346
MRI,55,15,351
MRI,70,15,351
5,121,15,351
5,230,15,351
8,420,0,336
2,105,15,351
7,57,16,352
1,80,15,351
6,117,16,352
3,32,15,351
8,133,16,352
1,71,11,347
4,174,16,352
7,684,16,352
8,846,15,351
1,86,16,352
5,1515,16,352
4,55,16,352
6,157,16,352
10,133,14,350
7,72,17,353
8,76,16,352
7,68,17,353
9,1857,16,352
1,87,14,350
7,92,18,354
5,924,17,353
3,63,18,354
3,183,18,354
MRI,62,18,354
7,55,17,353
10,3077,0,336
4,598,18,354
MRI,30,18,354
1,86,17,353
9,1291,14,350
8,509,14,350
7,1857,18,354
3,185,17,325
5,769,18,354
MRI,70,18,354
6,1260,18,354
MRI,47,21,357
MRI,28,21,357
4,78,16,352
6,892,21,357
9,92,21,357
9,884,21,357
MRI,49,21,357
7,89,22,358
2,121,22,358
4,74,22,358
4,42,22,358
5,351,22,358
5,125,22,358
5,1170,21,357
5,37,21,357
MRI,49,22,358
7,44,23,359
8,115,18,354
5,43,23,359
5,828,23,359
10,60,23,359
10,571,21,357
6,199,23,359
1,81,23,359
6,126,23,359
1,66,22,358
8,441,21,357
MRI,92,22,358
4,273,23,359
2,47,21,357
MRI,58,18,354
MRI,56,25,361
3,158,25,361
8,217,23,359
MRI,73,25,361
4,1081,25,361
1,91,24,360
3,49,25,361
3,246,23,359
5,1498,25,361
1,408,25,361
3,159,21,357
1,43,0,364
5,344,0,364
9,46,0,364
6,419,0,364
7,865,0,364
MRI,53,1,365
2,274,1,365
2,65,17,353
1,66,1,365
2,189,1,365
7,435,24,360
3,90,2,366
4,147,2,366
1,114,21,357
5,892,2,366
3,71,14,350
7,354,2,366
4,85,2,366
7,61,2,366
5,630,3,367
9,194,2,366
9,93,23,359
MRI,37,1,365
MRI,61,4,368
8,410,0,364
MRI,61,4,368
5,884,4,368
3,277,4,368
1,81,2,366
MRI,33,4,368
2,102,0,364
4,741,4,368
3,172,0,364
MRI,83,21,357
MRI,50,7,371
MRI,54,7,371
1,99,4,368
3,257,3,367
6,1035,7,371
8,74,8,372
3,255,8,372
2,89,7,371
5,282,8,372
9,1299,7,371
5,219,8,372
MRI,73,7,371
6,465,9,373
6,82,9,373
10,153,7,371
10,73,9,373
4,169,9,373
9,80,9,373
8,444,7,371
10,328,16,352
1,87,3,367
1,105,7,371
1,677,18,354
5,94,10,374
4,195,24,360
1,88,10,374
3,273,11,375
4,131,11,375
1,128,8,372
5,23,11,375
3,78,11,375
MRI,64,11,375
5,43,9,373
3,263,7,371
MRI,28,8,372
7,34,1,365
9,1129,0,364
MRI,56,7,371
9,277,9,373
2,97,14,378
5,476,14,378
7,35,14,378
6,352,14,378
9,876,14,378
7,1031,14,378
7,52,15,379
3,152,14,266
MRI,30,15,379
3,30,15,379
5,367,15,379
MRI,35,15,379
MRI,49,15,379
10,121,14,378
7,63,15,379
MRI,38,15,379
5,261,15,379
MRI,70,15,379
10,290,15,379
6,82,16,380
4,128,16,380
4,90,16,380
7,35,16,380
8,163,16,380
5,1301,16,380
7,42,17,381
3,271,24,360
MRI,32,15,379
3,45,15,379
3,110,18,382
MRI,42,18,382
MRI,42,18,382
7,661,18,382
8,339,14,378
1,106,16,380
4,1250,18,382
2,110,15,379
5,1686,17,381
MRI,51,18,382
1,51,15,379
3,152,0,252
10,202,16,380
5,1435,7,371
3,19,18,382
1,83,11,375
3,184,7,315
3,207,10,374
MRI,71,21,385
MRI,47,21,385
2,48,21,385
MRI,40,21,385
6,842,21,385
5,984,21,385
1,89,14,378
4,34,22,386
MRI,39,22,386
4,42,22,386
7,114,22,386
5,123,22,386
2,73,17,381
2,111,22,386
5,316,22,386
8,973,22,386
2,85,22,386
7,387,23,387
5,50,21,385
9,92,21,385
4,237,23,387
3,220,21,385
1,70,21,385
4,51,23,387
5,42,23,387
6,124,23,387
7,105,23,387
7,56,24,388
1,57,22,386
5,896,23,387
7,544,16,380
10,1377,21,385
8,74,25,389
3,227,25,389
7,64,25,389
3,125,25,389
7,49,25,389
9,855,16,380
8,469,21,385
4,807,25,389
5,55,24,388
2,90,10,374
3,227,23,387
7,35,25,389
1,72,24,388
5,680,25,389
8,96,25,389
9,111,23,387
1,84,23,387
3,170,14,294
2,47,0,392
1,48,0,392
6,529,0,392
7,776,0,392
5,1309,0,392
7,58,1,393
5,61,1,393
2,415,1,393
1,53,1,393
1,1083,25,389
6,112,25,389
2,148,1,393
4,61,2,394
4,27,2,394
7,32,2,394
MRI,77,1,393
8,789,2,394
7,860,2,394
3,45,2,394
5,1222,2,394
2,99,24,388
3,180,2,394
2,8,3,395
1,72,2,394
7,328,24,388
8,959,1,393
5,62,3,395
MRI,97,21,385
MRI,45,4,396
10,514,1,393
4,59,3,395
7,772,4,396
3,177,4,396
4,855,4,396
5,631,4,396
6,45,4,396
MRI,81,4,396
1,92,3,395
1,91,4,396
10,165,2,394
8,471,0,392
MRI,28,7,399
10,101,7,399
6,574,7,399
MRI,62,4,396
9,90,23,387
5,161,8,400
10,127,7,399
5,190,8,400
2,75,7,399
8,85,8,400
9,2336,7,399
5,165,8,400
7,61,9,401
3,226,17,381
7,50,9,401
6,129,9,401
5,18,9,401
2,366,8,400
7,73,9,401
4,196,9,401
10,146,7,399
6,206,9,401
1,115,9,401
6,229,9,401
1,90,7,399
9,66,9,401
6,78,10,402
3,351,7,399
3,72,10,402
5,25,9,401
7,546,10,402
9,1869,0,392
9,82,0,392
5,1424,10,402
MRI,57,11,403
8,563,7,399
MRI,24,11,403
MRI,52,11,403
3,74,11,403
4,890,10,402
3,444,11,403
4,119,11,403
5,762,11,403
MRI,43,11,403
MRI,106,8,400
1,71,10,402
8,909,11,403
1,113,11,403
10,197,11,403
7,55,14,406
5,1126,7,399
10,103,14,406
5,538,14,406
10,401,0,392
6,367,14,406
7,1347,14,406
MRI,59,15,407
7,59,15,407
3,47,15,407
7,60,15,407
5,104,15,407
9,595,9,401
5,213,15,407
1,90,14,406
5,72,15,407
5,110,15,407
1,102,8,400
MRI,45,15,407
6,113,16,408
4,86,16,408
9,1010,16,408
7,641,16,408
10,132,14,406
7,49,16,408
8,243,16,408
4,188,16,408
5,1737,16,408
3,71,3,395
10,183,14,406
7,293,11,403
1,50,15,407
7,74,15,407
1,63,16,408
MRI,27,18,410
3,49,18,410
6,200,11,403
3,200,18,410
MRI,51,15,407
3,44,18,410
2,58,14,406
4,874,18,410
7,64,17,409
7,960,18,410
5,1306,18,410
6,484,18,410
MRI,40,18,410
1,55,17,409
6,582,21,413
5,1198,21,413
8,572,14,406
7,50,22,414
10,106,16,408
5,272,22,414
2,45,17,409
2,357,22,414
4,54,22,414
5,76,22,414
5,424,22,414
4,61,22,414
9,129,21,385
MRI,40,21,413
7,82,23,415
5,44,21,413
3,112,14,406
5,648,23,415
9,829,23,415
4,569,23,415
9,71,23,415
6,109,23,415
5,52,24,416
3,141,24,416
1,447,18,410
1,52,22,414
1,83,21,413
9,886,14,406
6,67,24,416
5,355,24,416
9,85,23,415
6,210,23,415
MRI,23,25,417
MRI,26,25,417
MRI,52,25,417
MRI,35,25,417
MRI,43,25,417
3,75,25,417
3,285,25,417
3,204,21,413
3,387,0,392
MRI,92,25,417
5,827,25,417
4,925,25,417
2,93,21,413
3,216,23,415
7,407,24,416
1,75,23,415
5,60,23,415
8,525,21,413
3,406,14,378
6,230,0,420
1,1142,25,417
5,440,0,420
1,40,0,420
6,499,0,420
7,1168,0,420
9,1286,0,420
7,53,1,421
MRI,50,1,421
3,22,1,421
2,239,1,421
1,39,1,421
2,72,0,420
9,52,0,420
10,262,0,420
2,172,1,421
5,40,1,421
8,725,1,421
3,440,0,420
9,67,2,422
1,104,24,416
4,151,2,422
7,58,2,422
4,269,2,422
3,159,2,422
3,194,2,422
MRI,45,1,421
5,720,2,422
8,1006,2,422
7,78,17,409
5,40,3,423
4,81,2,422
4,163,3,423
8,403,0,420
6,106,3,423
2,60,3,423
7,24,4,424
5,1141,3,423
MRI,70,4,424
3,235,4,424
1,102,3,423
7,52,1,421
5,987,4,424
9,29,21,413
4,1534,4,424
7,1602,4,424
1,33,4,424
10,99,2,422
9,61,2,422
1,83,2,422
MRI,42,7,427
MRI,53,7,427
MRI,53,7,427
6,653,7,427
6,43,4,424
7,83,22,414
10,87,7,427
8,83,8,428
10,61,7,427
5,286,8,428
9,1331,7,427
MRI,69,4,424
5,174,8,428
3,115,17,353
5,108,8,428
MRI,60,8,428
5,39,9,429
6,104,9,429
5,69,9,429
10,107,9,429
6,613,9,429
7,32,9,429
7,46,9,429
7,73,9,429
10,37,9,429
9,36,9,429
4,472,9,429
5,65,10,430
9,29,9,401
6,122,10,430
9,2154,9,429
1,108,8,428
1,76,9,429
5,65,11,431
9,958,2,422
4,108,11,431
3,132,11,431
1,64,7,427
MRI,51,11,431
7,542,2,422
8,1046,4,424
7,38,10,430
3,51,3,423
3,255,8,428
2,70,14,434
3,97,11,431
5,428,14,434
1,82,11,431
7,53,8,400
7,732,14,434
7,26,14,434
9,1201,14,434
10,142,14,434
1,91,10,430
MRI,58,15,435
6,1618,14,434
MRI,60,15,435
5,795,7,427
MRI,57,11,431
3,22,15,435
5,401,15,435
3,43,15,435
MRI,43,15,435
7,46,15,435
5,290,15,435
7,85,9,429
7,48,16,436
4,220,16,436
4,54,16,436
6,90,16,436
10,128,15,435
8,98,16,436
2,47,17,437
7,69,17,437
5,2163,16,436
1,56,14,434
MRI,62,18,438
MRI,62,18,438
3,182,18,438
MRI,28,18,438
MRI,50,18,438
8,2353,9,429
7,133,15,435
1,85,15,435
4,717,18,438
9,120,9,429
3,26,18,438
8,249,14,434
8,537,7,427
1,57,17,437
1,73,16,436
7,514,18,438
MRI,13,21,441
MRI,55,21,441
5,26,21,441
6,561,21,441
MRI,66,21,441
1,1031,18,438
10,241,16,436
9,73,21,441
5,837,21,441
7,58,22,442
5,115,22,442
7,33,22,442
MRI,96,22,442
5,102,22,442
5,98,22,442
4,31,22,442
5,178,22,442
2,279,22,442
4,39,22,442
3,265,22,442
3,249,21,441
5,953,23,443
9,80,23,443
10,225,23,443
4,78,23,443
MRI,40,22,442
6,167,23,443
1,92,23,443
9,928,23,443
7,43,24,444
MRI,44,18,438
MRI,33,25,445
MRI,33,25,445
1,37,21,441
3,175,25,445
3,68,25,445
10,579,21,441
7,78,25,445
MRI,59,25,445
4,1062,25,445
1,77,22,442
2,55,24,444
1,383,25,445
1,50,24,444
7,39,22,442
2,43,22,442
2,45,0,448
9,64,0,448
6,243,0,448
5,666,0,448
7,664,0,448
7,90,1,449
3,50,1,449
MRI,51,1,449
2,360,1,449
MRI,74,1,449
1,58,1,449
1,42,0,448
9,1919,0,448
4,136,2,450
3,44,2,450
7,510,2,450
5,1202,3,451
MRI,50,1,449
1,42,3,451
8,680,21,441
9,100,2,450
7,1378,4,452
5,1198,2,450
4,1943,4,452
9,81,2,450
3,309,17,409
2,62,1,449
1,93,2,450
1,41,4,452
3,92,7,455
3,233,23,443
6,654,7,455
10,649,0,448
5,162,8,456
2,274,8,456
8,74,8,456
5,123,8,456
5,193,8,456
3,190,17,437
10,123,7,455
6,262,9,457
4,247,9,457
7,67,9,457
6,71,9,457
6,603,9,457
7,33,9,457
10,162,7,455
5,37,9,457
8,873,9,457
MRI,63,7,455
5,759,10,458
1,89,8,456
1,72,7,455
MRI,53,11,459
1,66,10,458
2,84,21,441
3,151,11,459
5,53,9,457
MRI,46,11,459
4,1942,10,458
3,61,11,459
6,108,10,458
5,1005,7,455
5,1582,11,459
1,51,9,457
2,44,7,455
1,54,11,459
6,468,14,462
8,218,7,455
5,374,14,462
2,381,15,435
7,54,14,462
7,929,14,462
9,1035,14,462
MRI,49,15,463
2,109,14,462
7,72,15,463
5,111,15,463
5,18,10,458
5,163,15,463
9,3621,2,450
3,55,15,463
5,222,15,463
10,118,15,463
8,499,0,448
6,84,16,464
4,122,16,464
7,360,16,464
4,68,16,464
1,96,14,462
7,73,16,464
3,48,15,463
9,1136,7,455
4,36,16,464
7,75,17,465
5,1729,16,464
6,203,16,464
9,1952,16,464
8,81,16,464
4,185,17,465
1,93,16,464
MRI,51,18,466
5,618,17,465
MRI,50,18,466
8,547,14,462
MRI,47,18,466
3,146,18,466
4,1029,18,466
1,103,15,463
7,528,18,466
5,1095,18,466
3,113,17,465
7,53,15,463
2,90,17,465
3,117,18,466
1,905,18,466
2,83,7,427
MRI,65,18,466
9,88,21,469
MRI,49,21,469
6,352,21,469
MRI,48,21,469
5,1140,21,469
MRI,125,22,470
10,1404,21,469
MRI,74,22,470
5,219,22,470
5,118,22,470
4,43,22,470
5,180,22,470
1,64,17,465
2,320,22,470
10,146,14,462
4,38,22,470
MRI,52,21,469
10,283,16,464
6,140,23,471
5,1128,23,471
1,66,21,469
9,64,23,471
7,533,24,472
2,69,22,470
3,180,7,427
5,32,21,469
MRI,29,21,469
7,70,25,473
5,52,25,473
1,56,22,470
3,109,25,473
10,139,23,471
9,91,23,471
7,569,23,471
4,682,25,473
MRI,41,25,473
5,35,25,473
3,66,25,473
1,77,23,471
1,83,24,472
1,727,25,473
MRI,46,25,473
2,92,0,476
1,33,0,476
5,487,0,476
6,456,0,476
3,308,14,462
7,1203,0,476
MRI,41,1,477
9,1035,0,476
9,720,16,436
2,61,1,477
MRI,38,1,477
1,51,1,477
10,488,0,476
2,151,1,477
3,161,23,471
2,90,1,477
4,211,2,478
3,52,25,473
MRI,41,1,477
3,94,14,434
5,160,2,478
3,144,21,469
9,72,2,478
6,127,3,479
3,53,2,478
1,97,2,478
9,46,0,476
5,53,1,477
5,1195,3,479
MRI,37,4,480
MRI,36,4,480
7,53,1,477
8,85,4,480
3,218,4,480
4,777,4,480
8,558,21,469
7,757,4,480
2,38,21,469
5,1045,4,480
7,70,22,470
4,104,2,478
1,75,3,479
MRI,37,4,480
10,75,7,483
6,617,7,483
2,46,24,472
1,85,4,480
MRI,37,7,483
3,231,10,430
MRI,38,8,484
8,102,8,484
10,109,7,483
8,313,0,476
5,63,8,484
1,73,7,483
2,356,8,484
5,173,8,484
7,47,9,485
5,58,8,484
5,112,8,484
6,100,9,485
6,222,9,485
4,210,9,485
2,68,7,483
3,573,24,472
6,404,9,485
1,45,8,484
MRI,56,7,483
2,34,10,486
8,528,9,485
5,62,10,486
5,42,9,485
7,76,9,485
4,70,10,486
5,56,9,485
9,98,2,478
7,46,10,486
10,146,7,483
3,80,11,487
5,243,10,486
3,122,3,479
3,201,11,487
3,447,8,484
MRI,68,11,487
5,1430,7,483
5,1004,11,487
8,979,11,487
MRI,69,11,487
4,161,11,487
1,118,10,486
1,84,9,485
6,203,11,487
8,369,7,483
7,69,14,490
5,786,14,490
6,849,14,490
3,227,7,483
7,1158,14,490
10,86,14,490
7,118,11,487
MRI,61,15,491
3,33,15,491
5,274,15,491
2,484,15,491
MRI,56,15,491
10,111,15,491
5,190,15,491
2,58,3,479
1,58,11,487
3,28,15,491
10,113,14,490
7,27,15,491
4,254,16,492
6,68,16,492
4,40,16,492
9,918,16,492
MRI,43,15,491
4,63,16,492
8,40,16,492
MRI,25,18,494
3,282,18,494
7,469,18,494
7,63,17,493
4,874,18,494
3,34,18,494
1,60,16,492
9,1315,14,490
1,108,14,490
5,2725,16,492
1,50,15,491
7,433,16,492
10,169,16,492
7,69,16,492
8,390,14,490
MRI,58,18,494
1,81,17,493
9,1593,21,469
5,60,21,497
6,885,21,497
MRI,68,21,497
9,61,21,497
5,1269,21,497
2,42,21,497
7,79,22,498
3,41,22,498
2,236,22,498
7,52,15,491
4,73,22,498
3,33,22,498
4,51,22,498
5,153,22,498
5,267,22,498
2,49,22,498
8,64,22,498
5,181,22,498
9,71,23,499
5,42,23,499
7,64,23,499
7,1069,23,499
5,1126,23,499
MRI,102,22,498
1,73,21,497
4,250,23,499
2,122,17,493
5,54,24,500
6,143,23,499
MRI,54,21,497
1,55,22,498
7,569,24,500
7,50,25,501
MRI,60,25,501
MRI,51,22,498
7,49,25,501
3,217,25,501
10,217,14,490
MRI,24,25,501
4,981,25,501
3,271,17,493
1,59,24,500
1,57,23,499
MRI,44,25,501
5,1320,24,500
1,707,25,501
9,96,23,499
2,52,24,500
3,157,0,448
8,537,21,497
2,39,0,504
6,436,0,504
1,67,0,504
5,467,0,504
3,188,21,497
MRI,61,1,505
2,280,1,505
1,67,1,505
10,1999,0,504
3,37,1,505
7,81,1,505
7,1054,0,504
2,144,1,505
3,47,1,505
5,126,1,505
7,74,2,506
4,274,2,506
7,52,1,505
9,1185,0,504
8,910,2,506
5,786,2,506
MRI,69,1,505
3,211,23,499
9,66,2,506
MRI,59,1,505
1,118,2,506
MRI,41,4,508
8,645,0,504
6,127,3,507
4,753,4,508
3,239,4,508
3,85,2,506
4,63,2,506
1,64,3,507
5,1612,3,507
1,94,4,508
7,132,8,484
MRI,60,4,508
7,617,2,506
MRI,47,7,511
6,804,7,511
2,55,3,507
9,1312,7,511
10,114,7,511
8,62,8,512
5,152,8,512
5,197,8,512
2,239,8,512
MRI,70,8,512
5,192,8,512
6,340,9,513
6,75,9,513
4,354,9,513
MRI,54,8,512
1,60,7,511
9,82,2,506
5,722,7,511
10,199,7,511
1,78,8,512
3,77,11,515
3,177,11,515
MRI,61,11,515
1,29,9,513
2,59,14,490
4,156,11,515
9,74,9,513
5,88,9,513
1,64,10,514
7,24,14,518
6,664,14,518
9,876,14,518
5,884,14,518
7,1259,14,518
MRI,29,15,519
MRI,61,15,519
5,233,15,519
3,247,10,458
5,126,15,519
8,660,7,511
10,218,2,506
MRI,62,8,512
5,171,15,519
5,83,9,513
6,66,16,520
4,152,16,520
7,782,16,520
3,50,15,519
9,1139,16,520
3,131,0,504
5,1368,16,520
2,58,17,521
1,61,16,520
7,49,17,521
2,60,14,518
5,612,17,521
3,25,15,519
4,100,17,521
1,64,14,518
1,59,11,515
MRI,48,18,522
3,144,7,511
7,56,18,522
7,90,15,519
MRI,51,18,522
MRI,53,18,522
MRI,64,18,522
5,617,18,522
7,547,18,522
3,42,18,522
4,39,16,520
3,749,18,522
4,1001,18,522
6,771,18,522
3,111,17,521
1,64,15,519
MRI,37,21,525
MRI,55,21,525
9,94,21,525
5,896,21,525
MRI,56,18,522
6,1077,21,525
1,790,18,522
MRI,127,21,525
4,29,22,526
2,101,22,526
3,355,22,526
MRI,136,22,526
5,174,22,526
5,186,22,526
5,180,22,526
4,85,22,526
3,43,22,526
2,89,22,526
10,332,21,525
9,69,23,527
1,75,21,525
5,54,23,527
4,216,23,527
MRI,44,22,526
6,167,23,527
9,159,23,527
2,74,24,528
9,1436,23,527
5,1332,23,527
10,232,23,527
10,1252,21,497
MRI,57,25,529
MRI,48,25,529
7,62,25,529
3,208,25,529
4,688,25,529
3,41,25,529
3,49,25,529
3,160,23,527
1,67,23,527
MRI,51,25,529
1,58,24,528
2,50,21,525
5,46,21,525
6,414,0,532
5,595,0,532
1,68,0,532
9,967,0,532
1,69,22,526
7,76,1,533
1,81,1,533
2,207,1,533
3,151,21,525
9,62,0,532
7,1259,0,532
2,174,1,533
4,135,2,534
2,22,0,532
5,766,2,534
8,524,21,525
9,57,2,534
7,34,22,526
MRI,48,1,533
6,59,3,535
7,40,3,535
10,258,0,532
8,546,0,532
5,1075,3,535
6,119,4,536
MRI,21,4,536
MRI,19,4,536
7,485,2,534
7,421,4,536
1,57,2,534
4,953,4,536
5,1004,4,536
3,216,4,536
MRI,30,25,529
1,74,3,535
3,320,14,518
MRI,17,7,539
9,81,0,504
6,333,7,539
MRI,54,4,536
1,67,4,536
6,461,7,539
3,226,7,539
MRI,63,8,540
7,33,8,540
8,50,8,540
3,583,8,540
5,360,8,540
3,72,2,534
5,296,8,540
9,117,9,541
5,25,9,541
6,146,9,541
10,187,7,539
10,101,7,511
5,49,10,542
5,583,7,539
6,71,10,542
9,1432,9,541
1,87,7,539
1,72,8,540
8,2667,9,541
7,84,9,541
4,319,9,541
10,98,7,539
6,368,9,541
3,150,11,543
9,1181,7,539
MRI,61,11,543
3,68,11,543
1,83,9,541
5,537,11,543
1,65,11,543
3,293,11,543
7,51,14,546
6,178,11,543
5,498,14,546
2,74,14,546
9,904,14,546
6,1047,14,546
7,1025,14,546
MRI,51,15,547
5,111,15,547
5,193,15,547
3,28,15,547
5,130,15,547
1,91,14,546
7,35,15,547
10,182,15,547
4,78,16,548
6,102,16,548
4,156,16,548
10,71,14,546
9,824,16,548
2,47,10,542
7,1135,16,548
1,81,16,548
5,1553,16,548
2,25,17,549
7,178,11,543
5,877,17,549
7,66,17,549
1,81,15,547
MRI,39,18,550
3,195,18,550
3,74,18,550
MRI,62,18,550
3,74,18,550
5,894,18,550
1,190,17,549
7,1104,18,550
MRI,36,18,550
4,1611,18,550
2,59,7,511
8,468,7,539
1,921,25,529
9,53,9,541
3,183,14,490
MRI,56,21,553
MRI,37,21,553
MRI,30,21,553
5,66,21,553
2,76,21,553
6,850,21,553
2,77,7,539
9,34,21,553
9,1510,21,553
5,1077,21,553
5,167,22,554
10,1303,21,553
5,232,22,554
5,366,22,554
MRI,48,22,554
4,36,22,554
2,311,22,554
9,85,23,555
4,52,22,554
7,651,23,555
4,207,23,555
9,54,23,555
1,72,21,553
8,715,14,546
5,1399,23,555
9,1265,23,555
MRI,118,22,554
7,27,22,554
6,208,23,555
1,432,18,550
MRI,47,25,557
3,47,25,557
1,73,23,555
2,45,24,556
3,200,23,555
3,143,25,557
7,59,25,557
MRI,58,25,557
MRI,54,25,557
4,1379,25,557
1,978,25,557
1,58,22,554
3,246,24,528
7,532,24,556
1,90,24,556
MRI,63,25,557
3,465,22,554
2,30,0,560
6,517,0,560
1,45,0,560
3,174,21,553
7,1120,0,560
5,1217,0,560
MRI,57,1,561
7,46,1,561
1,62,1,561
2,241,1,561
9,978,0,560
3,55,1,561
2,184,1,561
MRI,16,1,561
2,30,1,561
3,54,1,561
9,28,0,560
MRI,53,1,561
7,52,2,562
3,42,2,562
4,552,2,562
9,624,2,562
10,1043,0,560
2,109,3,563
5,685,2,562
MRI,52,4,564
8,579,21,553
1,73,2,562
5,1674,3,563
8,3212,2,562
3,97,4,564
MRI,54,4,564
MRI,53,4,564
3,64,0,476
4,793,4,564
MRI,76,4,564
7,789,4,564
7,60,1,561
1,81,3,563
MRI,58,7,567
10,128,7,567
8,467,0,560
6,675,7,567
10,91,7,567
7,1089,2,562
5,320,8,568
5,87,1,561
MRI,63,7,567
5,238,8,568
8,47,8,568
3,154,24,556
10,154,9,569
5,36,9,569
9,78,2,562
7,87,9,569
6,179,9,569
6,593,9,569
6,172,9,569
4,324,9,569
1,87,8,568
5,116,9,569
8,1272,9,569
MRI,52,8,568
2,63,7,567
4,1309,10,570
5,737,10,570
MRI,58,11,571
3,104,11,571
3,109,11,571
4,137,11,571
8,480,7,567
5,755,11,571
2,42,10,570
1,83,4,564
1,66,10,570
1,65,7,567
7,55,9,569
5,365,14,574
9,81,9,569
6,857,14,574
7,34,14,574
3,826,24,500
5,560,7,567
2,132,14,574
7,1310,14,574
MRI,71,15,575
3,54,15,575
10,136,14,574
MRI,53,15,575
7,41,15,575
2,49,15,575
5,258,15,575
5,22,11,571
10,92,15,575
MRI,58,15,575
5,218,15,575
7,65,16,576
6,124,16,576
4,132,16,576
MRI,100,11,571
3,260,17,549
4,325,16,576
7,883,16,576
9,677,16,576
6,99,16,576
7,77,17,577
2,166,17,577
8,129,16,576
4,93,16,576
1,103,15,575
1,150,14,574
1,48,9,569
4,118,17,577
5,1210,17,577
MRI,63,18,578
9,1921,7,567
3,253,18,578
3,86,18,578
MRI,31,18,578
7,51,17,577
3,36,18,578
5,1438,16,576
4,1229,18,578
2,58,3,535
9,1011,14,574
10,274,16,576
1,47,16,576
MRI,65,18,578
7,1216,18,578
MRI,47,21,581
7,80,15,575
MRI,48,21,581
6,410,21,581
3,148,0,560
8,571,14,574
MRI,44,21,581
5,44,21,581
3,213,22,582
4,21,22,582
MRI,103,22,582
5,708,21,581
MRI,83,22,582
7,43,22,582
5,296,22,582
4,53,22,582
1,58,21,581
9,36,21,581
5,125,22,582
9,88,23,583
5,180,22,582
7,21,23,583
2,122,22,582
4,355,23,583
2,187,22,582
9,1214,23,583
10,131,23,583
3,114,24,584
2,57,24,584
1,73,23,583
7,46,22,582
7,706,24,584
5,131,24,584
MRI,45,25,585
7,61,25,585
MRI,62,25,585
3,84,25,585
1,944,18,578
3,137,25,585
5,916,25,585
4,1327,25,585
MRI,39,25,585
3,419,10,570
3,250,23,583
1,2662,25,585
7,52,22,582
1,96,22,582
9,32,23,583
2,70,0,588
5,541,0,588
7,611,0,588
1,53,0,588
6,847,0,588
5,51,1,589
2,246,1,589
3,63,25,585
3,50,1,589
2,204,1,589
1,77,1,589
7,68,1,589
9,62,0,588
4,146,2,590
7,93,2,590
5,601,2,590
3,158,0,588
10,212,0,588
3,84,2,590
7,672,2,590
MRI,57,1,589
1,71,24,584
2,63,3,591
9,1106,0,588
9,81,2,590
MRI,63,4,592
3,136,17,577
9,1046,21,581
MRI,70,4,592
MRI,51,4,592
4,98,3,591
4,777,4,592
1,109,3,591
3,61,4,592
MRI,58,4,592
3,210,3,591
8,1319,2,590
1,128,2,590
9,170,2,562
MRI,54,4,592
1,84,4,592
MRI,39,7,595
MRI,41,7,595
8,666,21,581
MRI,61,7,595
6,552,7,595
MRI,51,7,595
10,104,7,595
9,639,7,595
MRI,57,8,596
MRI,61,8,596
10,111,7,595
5,163,8,596
5,163,8,596
5,137,8,596
10,230,21,581
10,106,7,595
10,146,9,597
6,126,9,597
7,89,9,597
10,83,9,597
6,394,9,597
MRI,62,7,595
5,63,9,597
4,290,9,597
7,41,9,597
1,102,8,596
8,718,9,597
2,59,7,595
5,50,9,597
6,110,10,598
MRI,57,8,596
5,40,10,598
9,81,9,597
4,920,10,598
1,91,9,597
3,566,8,596
9,66,9,597
MRI,57,11,599
MRI,39,11,599
3,123,11,599
3,72,21,581
4,168,11,599
MRI,23,11,599
4,127,11,599
3,27,11,599
MRI,46,11,599
1,120,10,598
5,838,11,599
7,202,11,599
8,199,0,588
6,85,11,599
1,94,7,595
7,66,14,602
6,334,14,602
5,1350,7,595
6,395,14,602
5,1260,14,602
7,774,14,602
MRI,33,15,603
MRI,38,15,603
9,1749,14,602
7,57,15,603
5,110,15,603
10,182,15,603
5,110,15,603
MRI,40,15,603
1,61,14,602
5,193,15,603
7,113,15,603
10,840,21,413
8,163,7,595
7,70,16,604
4,99,16,604
6,83,16,604
7,338,16,604
1,77,15,603
9,1089,16,604
1,42,11,599
7,43,17,605
8,209,16,604
10,97,14,602
3,163,18,606
3,63,18,606
4,1247,18,606
5,941,17,605
MRI,51,18,606
7,685,18,606
4,37,16,604
1,585,18,606
1,102,17,605
1,63,16,604
10,288,16,604
MRI,37,21,609
6,295,21,609
8,442,14,602
6,380,21,609
MRI,81,11,599
5,1194,21,609
7,79,22,610
5,42,21,609
2,115,22,610
5,342,22,610
7,47,22,610
7,56,25,585
4,25,22,610
MRI,57,11,599
2,84,22,610
10,576,21,609
5,208,22,610
MRI,105,22,610
4,28,22,610
5,41,23,611
8,75,23,611
7,71,23,611
MRI,52,21,609
10,187,23,611
10,129,23,611
4,135,23,611
6,136,23,611
1,78,21,609
7,45,23,611
4,200,24,612
4,48,23,611
1,49,22,610
3,42,25,613
3,804,25,613
8,54,25,613
4,1115,25,613
3,96,21,609
1,102,23,611
9,42,23,611
3,247,23,611
1,47,24,612
1,861,25,613
5,1411,16,604
5,1069,25,613
3,235,10,598
2,54,0,616
6,494,0,616
5,643,0,616
2,49,24,612
1,62,0,616
7,1488,0,616
2,168,1,617
7,84,1,617
2,132,1,617
1,66,1,617
7,70,2,618
4,150,2,618
MRI,47,1,617
3,78,2,618
8,614,2,618
7,81,1,617
3,98,3,619
9,50,23,611
5,877,2,618
5,1097,3,619
7,390,2,618
8,266,21,609
2,62,3,619
MRI,52,4,620
6,72,4,620
MRI,37,4,620
8,303,0,616
4,89,2,618
3,198,4,620
5,623,4,620
2,28,14,602
MRI,47,4,620
8,119,4,620
7,791,4,620
2,34,10,598
4,1680,4,620
1,75,3,619
1,84,2,618
1,25,4,620
2,72,7,623
MRI,35,7,623
10,49,7,623
6,553,7,623
MRI,66,7,623
10,127,7,623
5,1709,7,623
8,65,8,624
5,201,8,624
MRI,55,8,624
7,43,9,625
6,94,9,625
9,61,9,625
6,332,9,625
5,110,9,625
5,22,9,625
1,53,7,623
10,101,9,625
MRI,38,7,623
4,271,9,625
8,1871,9,625
4,1231,10,626
3,280,11,627
4,150,11,627
7,55,9,625
1,80,8,624
5,1142,11,627
MRI,36,11,627
1,66,9,625
2,76,10,626
1,76,10,626
2,52,21,581
7,16,14,630
10,650,0,616
6,397,14,630
5,650,14,630
7,1117,14,630
7,65,15,631
MRI,70,15,631
1,69,14,630
9,1796,14,630
2,82,14,630
10,71,14,630
5,407,15,631
7,76,15,631
5,273,15,631
7,57,16,632
3,128,0,532
6,90,16,632
1,80,11,627
8,107,16,632
4,196,16,632
3,36,15,631
1,50,15,631
9,938,16,632
4,54,16,632
5,1481,16,632
3,119,10,626
7,87,17,633
3,249,18,634
4,902,18,634
1,92,17,633
MRI,38,18,634
3,71,18,634
4,134,17,633
3,32,1,617
3,184,7,623
3,27,15,631
1,55,16,632
MRI,59,21,637
3,330,0,616
5,35,21,637
6,487,21,637
5,677,21,637
8,356,7,623
MRI,55,21,637
MRI,100,22,638
MRI,60,21,637
2,336,22,638
7,67,22,638
2,46,17,633
4,47,22,638
5,247,22,638
5,244,22,638
4,26,22,638
9,118,23,639
4,231,23,639
7,53,22,638
9,59,21,637
5,1301,23,639
2,60,24,640
6,137,23,639
7,360,18,634
3,147,21,637
MRI,54,25,641
3,128,25,641
7,40,25,641
MRI,54,25,641
4,811,25,641
1,66,23,639
1,820,18,634
2,106,21,637
1,76,21,637
1,90,22,638
7,597,24,640
9,66,23,639
3,123,14,574
6,448,0,644
5,638,0,644
8,483,21,637
9,1377,7,623
MRI,48,1,645
7,1039,0,644
1,52,1,645
MRI,58,1,645
5,215,1,645
9,87,0,644
9,34,2,646
2,128,1,645
2,158,1,645
MRI,53,1,645
4,208,2,646
7,97,1,645
2,114,0,644
5,968,2,646
9,232,2,646
3,37,2,646
9,1088,2,646
1,69,0,644
7,33,3,647
9,1209,0,644
2,30,3,647
5,601,3,647
6,119,3,647
MRI,47,4,648
MRI,49,4,648
MRI,53,4,648
MRI,57,4,648
3,227,4,648
1,96,3,647
4,1015,4,648
1,87,2,646
5,1382,4,648
MRI,56,4,648
1,63,4,648
MRI,53,7,651
7,357,2,646
6,425,7,651
MRI,38,7,651
MRI,127,8,652
3,61,25,641
MRI,51,7,651
5,193,8,652
3,158,23,639
5,267,8,652
1,66,7,651
MRI,51,8,652
9,86,9,653
7,89,9,653
7,81,9,653
9,53,9,653
4,311,9,653
6,530,9,653
6,104,9,653
1,62,8,652
7,987,4,648
5,18,9,653
5,60,9,653
10,124,7,651
9,1604,7,651
5,39,11,655
MRI,31,11,655
3,132,11,655
MRI,45,11,655
3,168,11,655
2,24,10,654
4,1377,10,654
3,344,14,630
1,92,9,653
2,67,14,658
1,41,11,655
5,440,14,658
6,486,14,658
1,90,10,654
2,81,7,651
10,117,14,658
3,28,15,659
3,332,7,651
MRI,61,15,659
5,309,15,659
3,27,15,659
5,190,15,659
7,99,14,658
4,191,16,660
6,100,16,660
1,67,14,658
7,76,16,660
5,1257,16,660
7,61,17,661
1,82,15,659
9,1473,14,658
MRI,65,18,662
5,1530,17,661
MRI,60,18,662
3,365,18,662
1,82,16,660
4,1561,18,662
5,57,18,662
1,53,17,661
3,202,14,602
MRI,59,18,662
9,1899,16,660
2,100,17,605
4,49,16,660
8,423,14,658
MRI,46,21,665
6,557,21,665
5,276,22,666
1,821,18,662
MRI,60,22,666
9,810,9,653
MRI,59,21,665
5,383,22,666
5,1027,21,665
4,39,22,666
2,52,17,661
2,185,22,666
4,26,22,666
9,99,23,667
5,799,23,667
2,148,24,668
10,123,23,667
1,83,22,666
1,71,21,665
3,105,25,669
4,91,23,667
1,84,23,667
3,46,14,658
4,1310,25,669
3,67,24,640
MRI,44,25,669
2,90,0,672
6,554,0,672
1,41,0,672
7,642,0,672
5,662,0,672
9,98,0,672
1,88,24,668
3,143,23,667
1,318,25,669
7,67,1,673
2,524,1,673
MRI,56,1,673
4,105,2,674
3,74,2,674
3,269,21,665
5,612,2,674
7,684,2,674
1,65,1,673
9,90,2,674
7,45,2,674
1,101,2,674
8,838,2,674
4,161,3,675
3,271,3,675
4,943,4,676
5,975,4,676
1,60,3,675
7,694,4,676
MRI,44,4,676
9,1159,23,639
1,60,4,676
3,219,14,546
MRI,62,25,669
10,264,2,674
5,664,3,675
3,383,4,676
MRI,55,7,679
6,754,7,679
2,57,7,679
10,69,7,679
MRI,61,8,680
8,97,8,680
MRI,53,8,680
5,318,8,680
MRI,65,8,680
5,101,8,680
1,77,7,679
6,95,9,681
2,59,21,665
5,117,8,680
6,198,9,681
6,425,9,681
3,115,0,672
10,169,7,679
2,239,10,682
9,30,9,681
9,125,9,681
6,138,10,682
3,214,11,683
MRI,40,11,683
4,109,11,683
4,129,9,681
5,60,10,682
5,31,11,683
5,773,7,679
MRI,51,11,683
9,120,21,665
1,86,8,680
3,186,7,679
9,46,23,667
3,115,7,567
5,424,14,686
7,25,14,686
6,459,14,686
1,60,10,682
1,58,9,681
1,97,11,683
9,1302,14,686
2,29,14,686
MRI,61,15,687
10,96,14,686
MRI,78,15,687
8,456,7,679
5,188,15,687
7,61,15,687
5,167,15,687
5,193,15,687
1,75,14,686
7,827,14,686
3,64,15,687
3,51,15,687
7,43,16,688
7,46,15,687
4,136,16,688
1,49,15,687
6,122,16,688
9,1034,23,667
8,130,16,688
7,563,16,688
2,58,17,689
7,94,17,689
5,1866,16,688
9,981,16,688
4,73,16,688
MRI,50,15,687
MRI,39,18,690
MRI,29,18,690
6,149,17,689
3,317,18,690
5,690,18,690
4,803,18,690
MRI,77,18,690
6,923,18,690
MRI,31,18,690
MRI,52,18,690
1,73,16,688
8,617,14,686
1,949,18,690
MRI,48,21,693
MRI,36,21,693
6,529,21,693
5,52,21,693
9,101,21,693
MRI,28,22,694
3,178,10,654
5,297,22,694
1,79,21,693
5,280,22,694
3,954,22,694
2,346,22,694
4,41,22,694
5,853,21,693
9,162,23,695
4,27,22,694
MRI,50,21,693
1,75,17,689
9,1188,23,695
4,99,23,695
9,985,21,693
3,326,14,686
1,88,23,695
9,2101,7,679
5,100,23,695
7,82,25,697
7,65,22,694
MRI,39,25,697
9,127,23,695
1,83,22,694
3,96,25,697
3,217,21,693
3,84,25,697
MRI,53,25,697
MRI,66,25,697
3,116,25,697
2,38,24,696
4,895,25,697
MRI,87,25,697
7,95,25,697
2,183,21,693
3,71,18,690
1,62,24,696
2,274,0,700
1,52,0,700
8,553,21,693
1,1039,25,697
6,199,0,700
5,425,0,700
7,993,0,700
3,234,7,595
MRI,61,1,701
MRI,61,1,701
3,76,1,701
MRI,56,1,701
1,76,1,701
9,45,0,700
2,142,1,701
5,86,1,701
2,371,1,701
MRI,45,1,701
2,109,1,701
9,151,2,702
3,51,2,702
4,129,2,702
8,575,2,702
4,80,2,702
7,52,2,702
2,93,3,703
3,223,17,661
5,1428,2,702
5,837,3,703
3,161,3,703
2,349,15,687
7,57,3,703
5,1059,4,704
3,195,4,704
4,2019,4,704
MRI,69,1,701
7,42,1,701
7,638,4,704
1,69,4,704
1,70,3,703
MRI,63,4,704
7,1173,18,690
8,417,0,700
6,28,4,704
MRI,34,7,707
1,82,2,702
6,764,7,707
1,95,7,707
10,89,7,707
5,162,8,708
9,932,7,707
8,61,8,708
5,268,8,708
9,86,9,709
5,111,9,709
7,70,9,709
6,143,9,709
9,2324,0,700
2,152,8,708
6,298,9,709
4,247,9,709
8,686,9,709
9,765,9,709
10,133,7,707
4,621,10,710
10,159,7,707
5,797,7,707
3,221,11,711
1,81,8,708
MRI,40,8,708
3,612,0,644
MRI,43,11,711
10,146,0,700
3,50,11,627
5,951,11,711
8,538,7,707
3,34,11,711
2,80,7,707
6,269,11,711
1,72,9,709
6,625,14,714
7,64,14,714
5,723,14,714
10,213,14,714
1,90,11,711
7,1237,14,714
2,44,14,714
MRI,44,15,715
10,83,14,714
5,153,15,715
10,134,15,715
1,89,10,710
5,204,15,715
5,254,15,715
8,123,16,716
6,79,16,716
4,64,16,716
2,84,10,710
3,181,0,700
5,1901,16,716
4,222,16,716
10,407,16,716
10,108,14,714
3,47,1,701
MRI,33,18,718
1,91,15,715
3,64,18,718
7,62,16,716
9,121,2,702
3,120,18,718
1,73,14,714
4,571,18,718
7,88,15,715
5,822,18,718
MRI,46,18,718
8,437,14,714
7,70,15,715
1,40,17,717
MRI,30,15,715
1,65,16,716
9,71,21,721
2,43,21,721
MRI,45,21,721
MRI,49,21,721
5,69,21,721
6,611,21,721
5,682,21,721
9,900,16,716
MRI,30,22,722
4,72,22,722
9,1527,14,714
5,120,22,722
5,241,22,722
2,120,22,722
7,42,22,722
3,511,22,722
5,153,22,722
MRI,74,22,722
6,639,18,718
4,54,22,722
9,56,23,723
7,74,22,722
3,218,21,721
9,1117,23,723
9,131,23,723
2,100,24,724
1,75,21,721
4,505,23,723
5,1268,23,723
5,79,24,724
1,71,23,723
6,150,23,723
7,81,25,725
MRI,64,25,725
MRI,42,25,725
3,86,25,725
MRI,60,25,725
MRI,46,25,725
1,103,22,722
3,108,25,725
3,81,25,725
4,1484,25,725
5,1532,25,725
7,455,24,724
1,1023,25,725
