Group,Distribution,Chi_Squared_Stat,Chi_Squared_p,KS_Stat,KS_p,Params
1,gamma,12.343532278509239,0.05472942905292277,0.07170180445005414,0.35489886988990305,"(24.050523977931746, -59.55663870525268, 5.476898688848208)"
1,weibull,25.834870193612645,0.00023897585230281404,0.07731089521677414,0.2700109772158157,"(2.3929238678325606, 13.158761786342664, 66.9600377193172)"
1,normal,18.81897269695702,0.008773743040060955,0.09853264629725977,0.07884233221155679,"(72.16564417177914, 26.849789800203354)"
1,lognorm,12.381751699467696,0.05397455276303775,0.07055573378482938,0.3742054746406427,"(0.14127007965156435, -117.21227809433358, 187.49843159999037)"
1,loglogistic,14.688997365459556,0.02281854811359607,0.05620334003812241,0.6606472281459576,"(9.156375804099158, -68.77843714881958, 138.38266909660024)"
1,pearson3,12.343536393651673,0.05472934724798417,0.07170164051773531,0.3549015844887198,"(0.4078233004673525, 72.16565248613097, 26.85942735688422)"
2,gamma,12.185333290385884,0.057959680272138714,0.057269498126450324,0.7574967965997637,"(7.277891524726138, 10.496414983142564, 13.450316751811236)"
2,weibull,12.982621266932844,0.04331275410628421,0.06452571266679807,0.6182343453420422,"(1.8328281426504032, 44.82449184218145, 71.92945488842864)"
2,normal,41.94314460819906,5.332697066151582e-07,0.06908196266822264,0.5316050635081211,"(108.38636363636364, 36.58254421609183)"
2,lognorm,11.490306675383136,0.07435452761724237,0.05423414203006194,0.8120160475119572,"(0.26728628180376063, -25.649767903709712, 129.32683842986776)"
2,loglogistic,10.372101910362668,0.10983150084480342,0.049648917427869144,0.884591943183828,"(5.269908291816904, -0.6733105619587086, 104.01538832120679)"
2,pearson3,12.185281354377716,0.05796076924157911,0.057269699211380476,0.7574930655786366,"(0.741358270197489, 108.38637343701791, 36.285712150567875)"
3,gamma,17.78976886411982,0.006779621349175535,0.033211594262970545,0.8601524434059197,"(3.3379212705275343, 51.029230803833244, 29.328363669122226)"
3,weibull,24.981003159603183,0.0003442310733783316,0.0328916581276954,0.8677433386898408,"(1.716554554002275, 60.345981801146394, 99.33513650668222)"
3,normal,289.17925202511555,0.0,0.07992242025764101,0.03170578842240346,"(148.925, 53.43729385925152)"
3,lognorm,17.207784402382767,0.008549188398566332,0.0406328170469967,0.6508622323827863,"(0.3903315119812765, 15.551947725007949, 123.6490660029719)"
3,loglogistic,18.275477880209785,0.005579405417841743,0.044973101524498044,0.5221272389624851,"(5.050475291375223, -0.32405386364637356, 140.59995801037792)"
3,pearson3,17.789796372496337,0.00677954675858472,0.033211693675302745,0.8601500567066956,"(1.0946915031025877, 148.9250013169834, 53.582841960496836)"
4,gamma,24.065030864817956,0.0005080669319004194,0.22330981708684627,0.19123039988486146,"(0.8626030274109404, 19.999999999999996, 32.804912213291004)"
4,weibull,22.059675958942965,0.0011810885531329252,0.2059452664292306,0.269241763495634,"(0.5306311441246696, 19.999999999999996, 31.40291310006985)"
4,normal,18.989295955350048,0.00822093868043694,0.1712766222691186,0.4861705714254213,"(60.54545454545455, 37.590771682721275)"
4,lognorm,187.1120179493317,0.0,0.45925054374213015,9.159362197578808e-05,"(10.57972372815525, 19.999999999999996, 1.0539710072068231)"
4,loglogistic,14.735701737111825,0.02241503247174703,0.11686490583920839,0.890979346502529,"(1.4678193840115368, 18.143254982730937, 27.51851127407088)"
4,pearson3,14.372134407121168,0.025744489110733015,0.1628498362771421,0.5497673417286114,"(2.1730232393419113, 55.088156871335286, 38.12369015354308)"
5,gamma,28.839698508822238,6.523670052061004e-05,0.0695748262693533,0.029355242659402703,"(2.7192279095280982, 14.347034220850997, 9.779486385858183)"
5,weibull,31.307482082813262,2.214233082820094e-05,0.07204117710134983,0.021676481742556944,"(1.438230310167068, 17.688592364043764, 25.68195829165328)"
5,normal,265.0575947274909,0.0,0.15005769093979193,6.1570382858804835e-09,"(40.93967517401392, 16.830837869065416)"
5,lognorm,19.177421592613552,0.003874255610796462,0.0480604263774288,0.2638842315496661,"(0.5201840510152405, 10.135725728583166, 26.918998561902654)"
5,loglogistic,17.466413043225018,0.007713629000331901,0.032497632204184446,0.7401430632808854,"(3.0727214473876305, 12.30717731328819, 24.52933317708132)"
5,pearson3,28.839686132454368,6.523705207694963e-05,0.06957544635054413,0.02935304363345148,"(1.2128501246262016, 40.93971384482683, 16.126440725897048)"
6,gamma,2.817523708483785,0.8313763514900966,0.051532583358444795,0.8414536909285234,"(1.8025425108752606, 20.308200172833075, 14.605374954133946)"
6,weibull,3.18894335087906,0.7847861686480505,0.05977381785586894,0.6890101164153837,"(1.3631916864070381, 20.797936463932565, 28.23227090208745)"
6,normal,180.82590447727074,0.0,0.12023365905185401,0.03492204130432497,"(46.63503649635037, 19.343561486553337)"
6,lognorm,4.481371239963835,0.611825539199538,0.044836338403774545,0.9342000519312392,"(0.5942431262492668, 14.615043421319479, 26.972540740995687)"
6,loglogistic,7.2251044741343975,0.30053057099082525,0.05252105698232756,0.8247876738652677,"(2.572601519443097, 17.147231629457465, 24.2943777457105)"
6,pearson3,2.817481640436519,0.8313814535800628,0.05153329067740808,0.8414419904600718,"(1.4896616354846952, 46.63501558259495, 19.609041057100463)"
7,gamma,14.846762371985292,0.021482634545034074,0.05035339013537904,0.8108248288934161,"(6.350752801086721, 7.959236334687265, 8.949013178796907)"
7,weibull,16.22454894868413,0.012598146519171127,0.0536309104540893,0.7468148968822697,"(1.9616162723333477, 23.503101839745796, 46.81593992913943)"
7,normal,26.805368702750542,0.000361256159794765,0.0915819070831253,0.14188685750533947,"(64.79220779220779, 22.328909490204786)"
7,lognorm,15.13381032789312,0.01924111732699363,0.05226941819023906,0.7740078776487813,"(0.2761627551970935, -15.709291038604267, 77.50656095117972)"
7,loglogistic,16.458532624381984,0.011493394204556973,0.0541546158717765,0.7361787331368601,"(4.947148075489644, -0.25999969841714754, 61.64750664595221)"
7,pearson3,14.84676993005797,0.0214825723693588,0.050353738722221875,0.8108183158857534,"(0.7936331090839244, 64.79223492098197, 22.552135064948853)"
8,gamma,2.5487174207549246,0.862976062890757,0.06174936072729598,0.772077498304236,"(10.815981362476606, 9.551297140829806, 3.9792610529663546)"
8,weibull,8.285592088210107,0.2179178491746776,0.06339761449668435,0.7441794410625266,"(1.9222481474072177, 28.842788110104195, 26.985634326034777)"
8,normal,10.052349741647332,0.18562621593513096,0.10039843355723299,0.20331938124477988,"(52.59090909090909, 13.214520563342745)"
8,lognorm,2.144061085852176,0.9059837975775201,0.05679991770946646,0.8498152485211155,"(0.22544739705661512, -4.995760797478764, 56.13792491090123)"
8,loglogistic,2.027984132493172,0.9171069847735409,0.04997722305037866,0.9334504111309951,"(6.594279578230764, 3.844236959724156, 47.012092641434094)"
8,pearson3,2.548751336745231,0.8629722126930099,0.061747668840992365,0.7721057360205819,"(0.608132405151637, 52.5908504804202, 13.086876832745551)"
9,gamma,117.53649544392317,0.0,0.07708373050687406,7.896576547600844e-05,"(19.17602937942719, -16.238267972128597, 5.043335445487027)"
9,weibull,90000000057.47623,0.0,0.07149070868625251,0.00032545031958923634,"(2.129351391886159, 35.59814798211556, 50.985886740956715)"
9,normal,177.6774763628436,0.0,0.10590322250603107,9.790540534881911e-09,"(80.47287735849056, 22.684603710322847)"
9,lognorm,157.9127545580082,0.0,0.06972626895356093,0.0004976071097576275,"(0.1892365388390137, -35.47639966878042, 113.86605707073656)"
9,loglogistic,73.77642106394727,6.850076061937216e-14,0.04114568224658943,0.11013377067624852,"(6.564207114205903, -0.4704451607702961, 77.45534359192916)"
9,pearson3,90000000025.12569,0.0,0.05399146893980489,0.01372194472596448,"(0.8757560077885628, 80.68454025963354, 21.72103318371283)"
10,gamma,11.376887590138836,0.07740367835322226,0.08452828780420979,0.8459611818817807,"(10.37061322370242, -10.65209587273719, 13.02336297992436)"
10,weibull,14.34667223885403,0.025994491862330715,0.08899868927759547,0.7998645224058876,"(1.9284223735334007, 48.7575998483012, 86.49652887192823)"
10,normal,15.535432908867527,0.029716691236995496,0.1094677789191989,0.5625118129030824,"(124.40816326530613, 42.576183036206146)"
10,lognorm,11.2132633046011,0.08200470246225045,0.08526784504375656,0.8386393375516752,"(0.22264257210015492, -61.93184886490796, 181.7526838566185)"
10,loglogistic,10.094205411903161,0.12074047491110029,0.06904012053394809,0.9609843060832246,"(8.19710915625436, -61.09589435231791, 181.0178288468215)"
10,pearson3,11.3768843609136,0.0774037667763281,0.08452799586400112,0.8459640459443283,"(0.6210491652633268, 124.40817841360081, 41.93970128175443)"
11,gamma,8.039230578725652,0.23524324418450404,0.02824496008252045,0.9558577423880624,"(6.3953051163826675, -0.44224936397739134, 11.10593424805026)"
11,weibull,16.10220817344334,0.013215762814049792,0.04002699352965336,0.674748629653676,"(2.088094534643681, 14.57214452993728, 63.215990732502235)"
11,normal,52.90250669157285,3.875144982679046e-09,0.06692845228119004,0.11164003572935433,"(70.58359621451105, 28.086113338473215)"
11,lognorm,6.835368196408421,0.3363410899921597,0.02822169020404286,0.9561581585603741,"(0.2792113145359461, -28.523371740542945, 95.32461069033945)"
11,loglogistic,4.779644633959622,0.5723700871184709,0.03656440835328212,0.7762307495134073,"(5.630610917595871, -19.155876881988704, 85.77346237499718)"
11,pearson3,8.039231984044104,0.23524314223457687,0.02824564823118242,0.955848839100433,"(0.7908595269507249, 70.58356248466691, 28.085761442000088)"
12,gamma,10.133490562735332,0.11914184069030109,0.07148359921810177,0.6955449327610873,"(2.6792400979888082, 35.677080356678346, 22.11390357758777)"
12,weibull,10.62046603016988,0.10083885421226257,0.08197201567030177,0.525868786993307,"(1.3639758282628849, 45.980809057698494, 53.63542092426239)"
12,normal,52.54893851420331,4.55055004788818e-09,0.11480747785306988,0.15513902050335637,"(94.92553191489361, 36.23335696056826)"
12,lognorm,10.531049078937485,0.10399703996622989,0.07353510760694976,0.6620211002268159,"(0.456587038996845, 17.93423705616746, 69.44390356486032)"
12,loglogistic,11.967012657403075,0.06270877037689782,0.059603747137597585,0.872185588075282,"(4.889038230407703, -0.577799949528103, 89.16159866128058)"
12,pearson3,10.13356615931701,0.11913878270195988,0.07148371661265734,0.6955430220964411,"(1.2218639304581922, 94.92548110566452, 36.1967934842946)"
13,gamma,9.682241847522015,0.13868715954695143,0.050050428966768035,0.7777132572938845,"(3.240484291933596, 72.30591775755835, 26.474419357320286)"
13,weibull,16.066021153906625,0.013403958295395868,0.07017758229299886,0.36627958003539585,"(1.7476572894331142, 76.78608554072714, 91.55077501988015)"
13,normal,65.21091491434804,1.3639755991334823e-11,0.11794114024688235,0.017597713638311835,"(158.09580838323353, 49.12019153019747)"
13,lognorm,6.749767296134809,0.34460982009723884,0.03635577034251092,0.9743530154214053,"(0.4551170959565003, 54.723733032202404, 93.20385548714479)"
13,loglogistic,5.347205728434566,0.5001128108734139,0.03417237540650231,0.9862348304551165,"(3.446860793013855, 63.80100169907551, 83.24301517552908)"
13,pearson3,9.68231887864723,0.13868359486243076,0.05004984420945635,0.7777251966040112,"(1.1110261149536633, 158.0957969957719, 47.65739712900512)"
14,gamma,53.83578667494713,7.961585835047913e-10,0.05389274039297265,0.048474241096648996,"(8.099533204873845, -3.5925548001808965, 6.1842337480762675)"
14,weibull,94.55411758956829,0.0,0.07253049314664561,0.0024024023684339727,"(2.2177571074007596, 8.26944678753177, 43.10835811894631)"
14,normal,275.76862994951443,0.0,0.09262791905546697,3.482686603293786e-05,"(46.496845425867505, 17.967482619694962)"
14,lognorm,44.65581057901726,5.478135300940323e-08,0.04913703288177962,0.09055380710472061,"(0.2583226077935659, -20.77078459503592, 65.04452988907822)"
14,loglogistic,22.691833599183106,0.0009065413705552361,0.03343497988705102,0.4677410244585407,"(6.563852306304939, -16.688999462542032, 60.84177016780228)"
14,pearson3,53.83588148629036,7.961236114795156e-10,0.053892722900909074,0.04847435765390029,"(0.7027471076335299, 46.496841008466404, 17.600139883334336)"
15,gamma,19.14386778315113,0.003927437533584821,0.031987305774203834,0.19606353632195483,"(6.961387756455778, 14.324760716506972, 7.304140629707989)"
15,weibull,88.75571850537796,0.0,0.05972768942213047,0.0006292376749233196,"(2.3878255053641926, 20.61129671109444, 50.286911256151654)"
15,normal,281.1136548695677,0.0,0.07616962159914198,4.059407274162439e-06,"(65.17170818505338, 19.623227311199724)"
15,lognorm,10.946803543916296,0.0900345131163709,0.02434403003531982,0.5102567826081641,"(0.29229032498962054, -0.09435239879899614, 62.52687494194069)"
15,loglogistic,16.329239340258162,0.012091769515579665,0.029973022875962096,0.2596035698291709,"(6.039605047652346, -0.1473954413694949, 62.437139999902065)"
15,pearson3,19.14259669737075,0.003929466081892485,0.03198856529921612,0.19602795111002036,"(0.7580327441304596, 65.1717753627129, 19.271685358291947)"
16,gamma,16.297820946425617,0.012241642807070297,0.028457967562561137,0.8133359545333813,"(4.799736534290247, 20.159281161744044, 18.897157733736762)"
16,weibull,28.250599804004743,8.428152864858873e-05,0.03838401605111785,0.4571960324269101,"(1.9728793633119763, 32.51773551637595, 88.40813388071885)"
16,normal,177.42676663704498,0.0,0.07042547066149313,0.015029842097035116,"(110.86065573770492, 41.55286294880461)"
16,lognorm,15.16740874254377,0.018993860356894543,0.02510014453086762,0.9104881132338284,"(0.32817502780718266, -12.922072500307637, 117.30642459373817)"
16,loglogistic,16.16925737959982,0.01287375811789282,0.035434524843584336,0.5601880966280494,"(4.739093611176308, -0.7085110792311591, 104.94500472291132)"
16,pearson3,16.297739958255164,0.012242031440784285,0.028458267222379208,0.8133260416726593,"(0.9128977804489757, 110.86069663010012, 41.40049757176082)"
17,gamma,4.9440214687717585,0.5510126297573299,0.05747072832333694,0.7062875029977174,"(7.301441100292088, 54.62199150046254, 18.887474381669474)"
17,weibull,8.36666467381516,0.21245210831167471,0.07407909766336532,0.38920846475800885,"(2.0750698196176343, 89.81822115566, 115.79936238955185)"
17,normal,26.5883542411145,0.0003951753843417505,0.09188229260368763,0.1651386678007749,"(192.52777777777777, 51.53382713816404)"
17,lognorm,4.338074420356208,0.6310273679330585,0.05401968759555595,0.7739956703450006,"(0.2605863601632275, -0.46911892497291463, 186.53572058806662)"
17,loglogistic,2.748793423979646,0.8396506440010713,0.03366617995016255,0.9950469202880509,"(6.869345518309538, -0.48747685538486396, 186.6640617932244)"
17,pearson3,4.944018359341012,0.5510130307542571,0.0574705751785517,0.7062905734257625,"(0.7401598863593762, 192.52780927072126, 51.03620384743465)"
18,gamma,11.274315751431093,0.0802594568120989,0.04990317758927515,0.5977872683405505,"(3.6397168685448977, 6.672717576926221, 55.79181762614472)"
18,weibull,11.494313567902328,0.07424885098225753,0.05285956445660167,0.5241296804984028,"(1.8565804187339976, 24.300128097300846, 208.9699129171102)"
18,normal,37.91064273683339,3.1510283989844012e-06,0.0940750574495875,0.031909386633825476,"(209.7391304347826, 104.11111012479778)"
18,lognorm,12.908039742047404,0.044519749390944385,0.051760882539979514,0.5511414646028725,"(0.3774645612151732, -66.33425743537198, 257.37426205487736)"
18,loglogistic,18.257144170702666,0.0056207057846761055,0.06254179352640782,0.31612461179913076,"(3.2328220376507755, -0.48636030299706867, 189.0123125236625)"
18,pearson3,11.274323982311751,0.08025922383159845,0.04990317833620933,0.5977872493949385,"(1.0483252236963758, 209.73912326096882, 106.43981959745804)"
19,gamma,26.334240394977353,0.00019287856428151784,0.058355087697914754,0.0021704733635813586,"(3.622883788123137, 7.338171512869019, 7.809918265574994)"
19,weibull,16.48908025107864,0.011356240958793395,0.04966376583555454,0.014195501085005021,"(1.497854528540819, 13.690404259464808, 24.494974027877966)"
19,normal,436.1452333815818,0.0,0.1209284442494497,3.7679264163369436e-13,"(35.63253012048193, 15.434519870687621)"
19,lognorm,10.240328194492978,0.11488933448820982,0.04421327303273198,0.039511541242564285,"(0.46007233356225236, 3.3260803650375244, 29.071139561448394)"
19,loglogistic,18.036112916138677,0.006142578056737014,0.044004606104023014,0.04099392431542981,"(3.3832213343810924, 6.108022200096812, 26.00671310632992)"
19,pearson3,26.33439028367072,0.00019286614006419622,0.05835256635870767,0.002171751300920266,"(1.0507594402356317, 35.632486081938794, 14.865231265477334)"
20,gamma,26.222340608032574,0.00020237772581810365,0.041554585806461874,0.08051792103608746,"(8.15202410521417, -0.47257011125407317, 8.197625066205939)"
20,weibull,143.61951353928842,0.0,0.06609550693211119,0.000603603788243911,"(2.6413395125040644, 5.406101328571443, 68.54070064637807)"
20,normal,364.27542778815103,0.0,0.08751853370260199,1.3571003156951539e-06,"(66.35466377440348, 24.067940371732636)"
20,lognorm,11.4612702853055,0.07512446124748118,0.030803977508714997,0.338912178401955,"(0.2874267997375117, -14.537774119782831, 77.59551458957465)"
20,loglogistic,7.1265617849509795,0.3093013567420879,0.030371504341490163,0.35568261799189804,"(4.9600676942517286, -0.1475781974110538, 62.57703820708898)"
20,pearson3,16.037850405484637,0.01355224478201289,0.03134372397166696,0.3187338865555457,"(0.8642152953103392, 66.40909625924175, 23.582254284232903)"
21,gamma,33.569186804830046,8.146527085584054e-06,0.05898161924603007,0.23316173538111107,"(13.998139312443577, -32.41057323904295, 11.318667416104496)"
21,weibull,259.502880683776,0.0,0.06736214808475671,0.12213749432972687,"(1.9357794185903883, 53.5620928323667, 84.18201174705356)"
21,normal,85.80811488579025,8.881784197001252e-16,0.0941351609410016,0.008682429148301697,"(126.02970297029702, 42.889247680257114)"
21,lognorm,30.64702285430397,2.9601080103414112e-05,0.05615329899120372,0.2842385444667208,"(0.1956885988102329, -88.74702126031814, 210.68447154362022)"
21,loglogistic,20.26747708662064,0.002481502722471718,0.038857268531742095,0.7349296580889472,"(8.083526824326487, -62.202627423879264, 183.4176252667167)"
21,pearson3,33.569243062592136,8.146323624003138e-06,0.058981734824744,0.23315979856274804,"(0.5345558557467341, 126.02970644991946, 42.34777067208679)"
22,gamma,23.599186957846793,0.0006187380931970132,0.08388276345543841,0.04279982709044494,"(1277.8021880890158, -2733.859146413766, 2.3594947754892424)"
22,weibull,19.03928315752518,0.004097801716609228,0.07515620783391772,0.0909640775104632,"(2.7904655518154544, 67.57892846677166, 240.27940962458126)"
22,normal,23.757539814050766,0.0012566899861821135,0.08526920026749651,0.03768032518066122,"(281.13382899628255, 84.31691813980925)"
22,lognorm,23.58985958079635,0.0006211802671798328,0.08288269127488873,0.04685848008643578,"(0.03607342052346345, -2056.7217880688618, 2336.335340237629)"
22,loglogistic,33.0710228598703,1.016097969241958e-05,0.0895245708739704,0.02515566107414835,"(99.93794024295167, -4761.940124293686, 5042.606684006663)"
22,pearson3,23.527442515627115,0.0006377684960446883,0.08174091415593382,0.05189587371225557,"(0.15049177231289568, 281.13386288797693, 84.42471000338111)"
23,gamma,15.723238829613662,0.015319118137596122,0.07289241225339638,0.2445615626192631,"(1.9122263929562802, 16.120685194743857, 78.76152129891628)"
23,weibull,16.300334426718,0.012229587401462627,0.08251836062242923,0.13647818985216797,"(1.4455024102452643, 17.951015186820474, 164.22123266313838)"
23,normal,54.652873875672995,1.7466594837145522e-09,0.1509940524803216,0.00026295029001016407,"(166.73056994818654, 104.35982962601814)"
23,lognorm,18.75492536378845,0.0045981826188677966,0.08529571699515359,0.11376873656462183,"(0.6236261967803479, -8.140806565470635, 145.3979619748391)"
23,loglogistic,25.33684609798565,0.0002957324633241498,0.08933405967370378,0.08637799825484693,"(2.5381241049160828, -0.3909857150441044, 136.94970678734012)"
23,pearson3,15.723237024558442,0.015319128882356758,0.07289233254527672,0.24456266793206227,"(1.4463058362952297, 166.73058128935787, 108.91398828508946)"
24,gamma,29.405262930618388,5.098012880555558e-05,0.053071035658312726,0.37446563734606486,"(2.8565805388713708, 19.59902725200407, 14.997753000155459)"
24,weibull,46.10325757242745,2.8236698090822188e-08,0.07250161692792334,0.09023618997070759,"(1.6723527801907943, 20.701697170993448, 46.93322296418917)"
24,normal,345.58342856491606,0.0,0.13181980550331485,7.447773682653244e-05,"(62.44137931034483, 26.611347297610745)"
24,lognorm,18.575387016193545,0.004944201658245828,0.03596191712633423,0.8340933582053918,"(0.5118573004663866, 13.18560247003406, 43.21168852573076)"
24,loglogistic,18.178194906879735,0.005801970619403907,0.03953891607505611,0.7396242192794025,"(3.090399727053307, 16.905049671896073, 39.04205961228104)"
24,pearson3,29.405080297055513,5.09841937644806e-05,0.05307208845936651,0.37444158528789384,"(1.183331869843467, 62.44138346230146, 25.348371560668184)"
25,gamma,11.206982517344215,0.08218619871000143,0.059719664620553226,0.5052863085236869,"(38.89365080362299, -74.16650924533752, 4.399495768516656)"
25,weibull,10000000008.628681,0.0,0.06524975227395458,0.39338782087711766,"(2.3832589619961286, 36.36792983542307, 68.67703777569218)"
25,normal,16.739702515562186,0.01915396944335701,0.06257457570835634,0.4456461734596907,"(96.94594594594595, 27.541365396235715)"
25,lognorm,11.016173054162728,0.08787786882120552,0.06107876866037876,0.4764352269425247,"(0.11519848365265767, -140.58114638468072, 235.95407579254473)"
25,loglogistic,12.236081950351233,0.05690463903639187,0.053855926931717035,0.6366414394942507,"(15.79925959162445, -144.84175963949323, 240.3687103369396)"
25,pearson3,11.207031848154118,0.08218477176618255,0.05971975422363024,0.5052843809675357,"(0.3206890825884093, 96.94591363507939, 27.437343275996653)"
26,gamma,11.496288730850903,0.07419680937127637,0.06865731158650235,0.29453333478940813,"(83.01733298335299, -125.95572371645125, 3.0969699851377506)"
26,weibull,40000000006.58709,0.0,0.07774248313052001,0.1732031588674009,"(2.7202259480774025, 61.83347321674641, 78.59040617768275)"
26,normal,14.36125002455125,0.0451167896689485,0.08095541265412098,0.14122410673021668,"(131.14646464646464, 28.285231229090094)"
26,lognorm,11.35249185083278,0.07807433327197133,0.06734487914619391,0.31616189954798746,"(0.07990155001108284, -221.54161648864257, 351.56299752066786)"
26,loglogistic,8.409941240275668,0.2095814233060984,0.03880151431977774,0.9153497420336745,"(8.316669732458342, -0.9821684393775307, 129.79639136916524)"
26,pearson3,11.496342618487914,0.07419539000890174,0.06865721641054834,0.29453486456607314,"(0.21950369362956906, 131.14646110513357, 28.217651371266356)"
27,gamma,3.116161473528706,0.7941325239314216,0.06059111532857164,0.9819139642617956,"(1.9493468276863988, 38.98261599525018, 116.92366511025844)"
27,weibull,3.166309562579949,0.7877024435047951,0.0708572763867773,0.9313685525889703,"(1.4020395309930518, 46.04070607464281, 242.2645878481663)"
27,normal,19.045521854215362,0.008045928595265539,0.15695316139127669,0.12537522622315633,"(266.9074074074074, 159.13100455849883)"
27,lognorm,3.987335064717689,0.6783904230499209,0.06051492386276902,0.9821404931826094,"(0.5609615431739565, -15.158673637951843, 242.00879318353648)"
27,loglogistic,5.227173495136007,0.5150240675986735,0.06762705100216093,0.9517415287016433,"(2.7040029831669035, 9.951424840840982, 214.65552982539174)"
27,pearson3,3.116158811499034,0.794132864078597,0.06059111578178589,0.9819139629084347,"(1.4324700015139564, 266.90740292127225, 163.2476987190604)"
28,gamma,6.047365989564847,0.41790509788926067,0.06794855924849363,0.4892520793955344,"(2.330352825624109, 17.79599634200131, 140.121582105397)"
28,weibull,5.122062372285438,0.5282558669326323,0.05484580821871621,0.7508917018767605,"(1.5872961195406616, 25.789662166780264, 355.47181345291733)"
28,normal,27.518798080120426,0.0002686997483631881,0.08742979389555927,0.20216651162719979,"(344.32876712328766, 206.30297940029592)"
28,lognorm,8.629589109554988,0.1955061731741825,0.08179938405280296,0.2677912433192733,"(0.5323815163338742, -53.95253352341995, 347.62170030459987)"
28,loglogistic,11.689156012570285,0.06927364956317394,0.08405484872509617,0.23983876854819586,"(2.764622661164897, -16.049308736062798, 309.7400847543974)"
28,pearson3,6.047362333082914,0.4179055042457972,0.06794849188517238,0.4892533484735222,"(1.3101445668627818, 344.3287638151413, 213.90254864639348)"
29,gamma,17.285884118025162,0.008288055667234895,0.11304741142676089,0.3333712673372472,"(2.3887429982421056, 14.864128481384885, 9.772841849063706)"
29,weibull,12.860528592183893,0.045305009892298465,0.08889782138154778,0.6323262811582379,"(1.1826937830744626, 19.92071149441759, 19.530278328248222)"
29,normal,96.5914771823874,0.0,0.1766932435335492,0.02666111473611965,"(38.208955223880594, 16.501955843767032)"
29,lognorm,13.622087760683707,0.03415464819752856,0.09445189518513591,0.5563350673384067,"(0.5564204621440879, 11.560431345292097, 22.74225774974244)"
29,loglogistic,14.39889432535763,0.025484208151541843,0.08155411342060881,0.7333371294618676,"(2.9309347647339785, 13.369649791298421, 20.432584794087077)"
29,pearson3,17.28606793211578,0.008287450264150786,0.11304685741259485,0.3333769222247248,"(1.294027737308081, 38.208890630662154, 15.104422321577195)"
30,gamma,7.391723681412582,0.2861340901890026,0.06525093410775723,0.7273416839447241,"(2.3421168199794598, 16.419429066152254, 11.867696843481674)"
30,weibull,6.976501961150212,0.32302575748631557,0.04832529464498564,0.9536619095486318,"(1.5777397003618678, 17.467994853952924, 29.777871809414346)"
30,normal,26.557499985265213,0.0004002452604281448,0.0990380448477734,0.2290796023547863,"(44.21495327102804, 17.197602548292345)"
30,lognorm,9.128215574910396,0.16649468508799448,0.06764486631731631,0.6859818953624588,"(0.4728608842888837, 7.085367324123949, 33.32114903220089)"
30,loglogistic,11.467095707454371,0.07496940902772764,0.06977578062211004,0.6487776372922998,"(3.113809602014152, 10.892398960965053, 29.517524722474974)"
30,pearson3,7.3916664777965,0.28613893978314486,0.06525108735560375,0.7273390627293241,"(1.3068567521061953, 44.21497952593092, 18.16235890817459)"
31,gamma,10.818852740162434,0.09413896428947333,0.047089077724640716,0.63403203251485,"(9.373486391092545, 7.056230611911814, 9.439460582686246)"
31,weibull,9.146621716017066,0.165498534718575,0.04587044752419184,0.666159245743586,"(2.2208400703933457, 35.46902587210103, 67.80528679839311)"
31,normal,16.563729390625866,0.020436601226793583,0.07974068200291629,0.08503305703937591,"(95.53688524590164, 28.567339774184727)"
31,lognorm,11.258983321415153,0.08069452676686362,0.05154482329751037,0.5190086532836332,"(0.20747235672396358, -41.97939671938039, 134.599829174124)"
31,loglogistic,15.64595514563264,0.01578584383910009,0.05928056781684382,0.34430832903331077,"(7.124785484110549, -23.885642852251472, 116.34335901927552)"
31,pearson3,10.818911349645441,0.09413704596400241,0.04708954839569246,0.6340196332867557,"(0.6532511515667074, 95.53691539711252, 28.8999785579912)"
32,gamma,30.599767897128736,3.022145727593628e-05,0.04289620376184666,0.08762425854544942,"(13.909567742282952, -38.93681236004524, 8.665987574385964)"
32,weibull,56.81183166165476,1.994384657422188e-10,0.059221221177032324,0.005218905054221902,"(2.4681555611800796, 5.011732206301524, 86.19182290336843)"
32,normal,126.68705833546865,0.0,0.07077074738814337,0.000411544256678157,"(81.60332541567696, 32.55872659944973)"
32,lognorm,27.63739122188927,0.00010994612729431363,0.03992111612777405,0.1329485420877814,"(0.1901490876463391, -87.08135026439857, 165.65508563406325)"
32,loglogistic,49.716761399072766,5.357523757965055e-09,0.04194459109125975,0.10045227300064297,"(4.2106586647604285, -0.21247215445134085, 77.36673750640193)"
32,pearson3,30.599876352756176,3.0220018798710058e-05,0.04289590215074768,0.08762809565633001,"(0.5362575217267607, 81.60331260297262, 32.32023344529412)"
33,gamma,39.3387665379277,6.1423673791694e-07,0.05633496215903286,0.2443526298425569,"(24.765562622863055, -101.20070851364608, 9.146227736075119)"
33,weibull,61.68275834518199,2.0471069284155874e-11,0.07638698600515498,0.042727061543264,"(2.6533715815146772, 8.623007952309347, 130.8492554989162)"
33,normal,116.27412486420047,0.0,0.06344903176335126,0.13989905079025955,"(125.31076923076922, 45.90322972741988)"
33,lognorm,36.41247959103762,2.2917168582825553e-06,0.05572146008353557,0.25556483440221456,"(0.14340886344952528, -190.53402370490466, 312.6029011460035)"
33,loglogistic,18.08315152866623,0.006027720695211625,0.028577194701046332,0.9464528930332025,"(13.993425031486886, -220.48532521976705, 343.0485142651742)"
33,pearson3,39.338834512364016,6.142178773371754e-07,0.05633511098163846,0.24434995505106194,"(0.401888530004743, 125.3107403020935, 45.51620271989081)"
34,gamma,4.420956703674228,0.6199054055452253,0.05579865742427159,0.6371519822753773,"(6.350482979628222, 12.856961572401879, 26.631010366887192)"
34,weibull,6.323876019631655,0.38790395348478546,0.05691113486185945,0.6125746931083804,"(1.8387602935141356, 65.2055831402492, 132.3629776173338)"
34,normal,45.37139922479582,1.1583349057708858e-07,0.08606574213553275,0.14752906992054582,"(181.97674418604652, 67.12180471701758)"
34,lognorm,4.088536151268544,0.6646962861556911,0.053872570552818355,0.6797832590432273,"(0.27288879806961486, -59.840635260732725, 232.98801412899627)"
34,loglogistic,3.9623228466388816,0.6817753128935983,0.04408605429327217,0.8768958835225257,"(6.048245188156552, -46.3680342240539, 219.60948527219426)"
34,pearson3,4.420941339019705,0.6199074635053168,0.055798721633593285,0.6371505611201782,"(0.7936468685630962, 181.97675828954166, 67.11063347028934)"
35,gamma,12.069717479576763,0.060431443254503,0.03446242265660887,0.7881830258294994,"(17.95164816186093, -130.3005206957489, 19.255142694314582)"
35,weibull,52.06089448517991,1.812970995551666e-09,0.04500501712293481,0.4660250290281418,"(2.1685225496205227, 59.83488388656427, 180.35534872727067)"
35,normal,37.90872288500429,3.1536767702844415e-06,0.05651098735602644,0.20703512636584487,"(215.36103151862463, 82.11220414073665)"
35,lognorm,11.128135691110158,0.08449605992553211,0.03302008950322405,0.8288210879508048,"(0.16797704735802077, -267.45761758663787, 476.0395608452377)"
35,loglogistic,6.359959578809841,0.38409767743475953,0.026920791067635508,0.9561247933419809,"(9.463699923219286, -214.59740274054502, 422.38160813430716)"
35,pearson3,12.069728842931402,0.06043119558409904,0.03446238612205438,0.7881840891422365,"(0.47203812081038415, 215.36102233353444, 81.58284018879266)"
36,gamma,45.557876005533906,3.6253941071429097e-08,0.06296560400668333,0.19832487931247245,"(3088.1035494589414, -5775.993351036468, 2.014657209775562)"
36,weibull,50.03489211539228,4.625957839010653e-09,0.08834531305744497,0.021610802572691403,"(4.621866355228308, -42.05089321674657, 530.3281007670231)"
36,normal,42.77328071441037,3.6892792909526406e-07,0.062452490026096596,0.205815891058866,"(445.4020979020979, 111.85162434996052)"
36,lognorm,42.77840099516111,1.2903304358324874e-07,0.06245220293782333,0.20582014239053914,"(2.6664866464816038e-05, -4194275.9999999963, 4194721.4006066425)"
36,loglogistic,16.881543838166873,0.009728590231264267,0.037522126564643696,0.8011187380005912,"(223.63744573433138, -12766.354292585213, 13210.677775497039)"
36,pearson3,41.77808339244663,2.033917995136747e-07,0.06253212452618712,0.2046392328835578,"(-0.01735104300324472, 445.40197389042777, 111.84778636179857)"
37,gamma,15.430039725861157,0.0171631477777322,0.062348548935480586,0.4336126415315902,"(4.006273856520934, 16.193966140428557, 26.4626393870157)"
37,weibull,24.638060345115342,0.000398354442832316,0.08084653241501683,0.15790699443942402,"(1.8354525463008022, 27.076728888939087, 107.19120080507606)"
37,normal,91.1710411302824,1.1102230246251565e-16,0.12521957241257864,0.004686923767877404,"(122.21052631578948, 54.33519645135373)"
37,lognorm,12.162086812937332,0.05844900425083832,0.051632024223868034,0.672044467917349,"(0.38325637100060383, -13.360203389290717, 125.92612162765214)"
37,loglogistic,8.72516078076533,0.18963499159390207,0.04006278062674745,0.9083763267748539,"(4.15121401172365, -0.7074953237248593, 112.38106404735385)"
37,pearson3,15.430059803711796,0.01716301450565838,0.06234877939464678,0.43360798872536066,"(0.9992139583236775, 122.21056996134834, 52.966737118754764)"
38,gamma,10.616205046125422,0.10098736588014656,0.026679698156323706,0.929099519700847,"(4.551629070436059, 7.447772265437832, 13.318133670577549)"
38,weibull,13.518860460704847,0.03549770845204181,0.029861369840180087,0.8541856904386979,"(1.6551980644858741, 22.868167957203895, 50.86418218929665)"
38,normal,172.3744184004429,0.0,0.07668342906284226,0.016552685722133868,"(68.06699751861042, 28.53099794677192)"
38,lognorm,10.717257464524183,0.09751797709310617,0.029202078434708068,0.8717820090123248,"(0.34437602719405186, -12.989276683549798, 76.40452741216303)"
38,loglogistic,14.795132233284663,0.021911393703001547,0.04088041848749541,0.49802440154701,"(4.518515757577307, -5.337458951602065, 68.54062891574813)"
38,pearson3,10.61630193777234,0.10098398664230313,0.02668091709088588,0.929076044548929,"(0.9374447743145581, 68.06704015176932, 28.413615109893243)"
39,gamma,15.20129033875447,0.018747597284303086,0.045038275582561016,0.4117918066665408,"(5.492760775618137, 9.881109617589985, 18.047279821974513)"
39,weibull,21.265596579581583,0.0016435023006973193,0.056633054818338135,0.16811931745578024,"(1.8331734582445622, 34.6334134816973, 84.2592630829856)"
39,normal,98.1862302257914,0.0,0.09784882621128044,0.00128103761681646,"(109.01052631578948, 43.108857250073356)"
39,lognorm,11.55988575448606,0.07253895766638685,0.03622552592361605,0.6869726632956907,"(0.32581388390073995, -19.03042288959585, 121.39738137073947)"
39,loglogistic,8.35293539668348,0.21336962102206747,0.024260458334701696,0.974757798172203,"(4.584368123942255, -0.7845630931026045, 102.21183457318583)"
39,pearson3,15.201209866799667,0.018748178548614103,0.04503868407242495,0.4117804893072574,"(0.8533661075955223, 109.01054852540065, 42.29680947186155)"
40,gamma,18.29239360195632,0.0055415607688318325,0.04875950893015782,0.4720401895668982,"(7.537686458229587, 9.090574806951981, 19.6127271680824)"
40,weibull,30.78271235449283,2.7888948667231794e-05,0.07138443923098337,0.0951759198427955,"(2.085928886895302, 46.75467088977672, 124.17717739742358)"
40,normal,117.96316378828084,0.0,0.07898979815829144,0.04828242725484411,"(156.9251700680272, 54.885792176065074)"
40,lognorm,14.83459108577496,0.02158298335584652,0.04517829462059536,0.5701432165106146,"(0.2663184454268563, -42.52954814136755, 192.46096345055463)"
40,loglogistic,7.165691310198288,0.30579573869880294,0.03332907967477394,0.8886103297331662,"(5.2217012974827615, -0.446378815059878, 149.26080192453833)"
40,pearson3,18.29249088483326,0.005541343845411051,0.0487591932831081,0.47204847739125444,"(0.7284671203513948, 156.92515711215617, 53.846380052338645)"
41,gamma,2.461031727368543,0.8728030903068418,0.03796042823632595,0.8679751500452173,"(7.855706382252841, 29.05367750712028, 22.424427337044662)"
41,weibull,5.438234365961493,0.48895313145789665,0.039660304167038474,0.8317235955754786,"(1.859471199085074, 94.04573944858558, 126.00476908225892)"
41,normal,25.982699306068206,0.0005072661187737193,0.08496522200772161,0.059804141895307805,"(205.2133891213389, 63.38618162950225)"
41,lognorm,2.312747848292029,0.8888074358685483,0.03325912917444429,0.9461332684824223,"(0.2601968648401718, -33.658634750373714, 230.91161392369864)"
41,loglogistic,4.345137352723813,0.6300780798568792,0.034805057144001325,0.9244503643018792,"(5.757954067360767, -0.5239085879416165, 197.16678468400147)"
41,pearson3,2.461044288396606,0.8728017012045373,0.03796028312976729,0.8679780880637371,"(0.7135707636145897, 205.2133674703895, 62.851225720183336)"
42,gamma,22.77927766204068,0.0008738764754356865,0.0414332669473865,0.7267434360348719,"(14.215551777451953, -110.90422368685118, 26.960076836001175)"
42,weibull,18.059840887076827,0.006084377014253017,0.04139703874692102,0.7277267163262111,"(2.2106505296069523, 61.27457965159246, 238.15555394490673)"
42,normal,25.78121717299793,0.000551065618688118,0.033060877069938155,0.9198139898483433,"(272.34814814814814, 100.74921696367107)"
42,lognorm,23.21521626469665,0.0007275099365864346,0.04015951192417018,0.7608983814977144,"(0.15846321968573676, -362.8483897119422, 627.2896828003912)"
42,loglogistic,29.278188556348297,5.3887418611675564e-05,0.0430072811241263,0.6835694181174428,"(11.190341870663238, -380.8867920650091, 646.4799334405326)"
42,pearson3,22.77923215353145,0.000873893170930784,0.041433175880405945,0.7267459084515873,"(0.5304540793034203, 272.348142989764, 101.64900023363563)"
43,gamma,100.43581280971594,0.0,0.05450472353742514,7.749305553317587e-06,"(399.86262244982186, -224.17438563683947, 0.687253303029578)"
43,weibull,174.89683107339422,0.0,0.05388012104970011,1.0291683560561795e-05,"(4.906720695450343, -8.885844755098805, 64.86880534920356)"
43,normal,72.03134355603308,5.735412145213559e-13,0.047164276763052126,0.00017684999966854543,"(50.748803827751196, 13.56993443531476)"
43,lognorm,72.03359656370569,1.5643042416968456e-13,0.04716454156910371,0.00017683148784761123,"(3.1632164685744244e-06, -4289867.452239511, 4289918.201021876)"
43,loglogistic,33.38574208615607,8.837511489723227e-06,0.03090653725729814,0.03612804121650104,"(164489473.5625396, -1246213262.8694847, 1246213313.880103)"
43,pearson3,61.2637706281411,2.4911184226539262e-11,0.043739679102275913,0.0006519206030287274,"(-0.16615510569800168, 50.74881130947399, 13.552241140944014)"
44,gamma,6.100822102320598,0.41199130165669295,0.04896592601164282,0.4623538587780305,"(0.8796749123502947, 76.99999999999999, 22.9623951761629)"
44,weibull,5.328504993301538,0.502421531540455,0.04113401695087482,0.682585974604708,"(0.929703235940345, 76.99999999999999, 20.088414309638104)"
44,normal,264.8966627060567,0.0,0.16202658901390377,2.946761809463376e-07,"(96.98986486486487, 19.58237707413557)"
44,lognorm,9.851022655683895,0.1310676043477157,0.058496763490456294,0.2531801087082054,"(0.9638189353566112, 75.32317376739384, 14.317457803131436)"
44,loglogistic,129.7306745804774,0.0,0.13165942695499705,6.195883515771758e-05,"(10.00346565598148, -0.504769764935217, 93.58879631861913)"
44,pearson3,6.144799763353056,0.4071666992788008,0.04365557349990251,0.6094740962523397,"(2.1132969452929746, 97.35638594535479, 21.509544117761564)"
45,gamma,5.969069597759253,0.4266638479879933,0.056305675539621514,0.8778338317600249,"(15.495191174722997, 16.698166828548587, 7.972939158444155)"
45,weibull,5.694871094931008,0.4582235556276515,0.05288581953637683,0.9181484760709941,"(2.5708206797502164, 66.0681409196242, 83.59351878171353)"
45,normal,8.686082336748798,0.2759865356503499,0.07042511210484381,0.6544522501614491,"(140.2403846153846, 31.100177835352202)"
45,lognorm,6.281508594912214,0.3924053938256551,0.05931041503807766,0.8364029296984821,"(0.15621872892336042, -59.0502336823465, 196.88075931968297)"
45,loglogistic,8.202303783033457,0.2236535778152019,0.06665403634383785,0.719073819229073,"(7.582548452479491, -0.33863355884537694, 137.66430066784187)"
45,pearson3,5.969098794825626,0.4266605604976943,0.05630604240503295,0.8778290922735914,"(0.5080824357668823, 140.24038100616872, 31.384567148198858)"
46,gamma,121.24302738566632,0.0,0.09433260894885631,3.084591781013697e-05,"(8.23180051811751, -3.021267509962371, 6.617944784249383)"
46,weibull,10000000122.951792,0.0,0.09518680715118666,2.5219210687319425e-05,"(1.9204560214818245, 14.781298865495769, 41.56615908709898)"
46,normal,557.5150463757511,0.0,0.13996959581757334,5.027357798403352e-11,"(51.45631067961165, 20.448661756180734)"
46,lognorm,71.22680999081652,2.290390099801698e-13,0.07771466801284876,0.0010797582538496192,"(0.308373842208268, -9.226637772923494, 57.76384909884132)"
46,loglogistic,48.002734352623705,1.1801315924486744e-08,0.04611865290930406,0.1398570727156342,"(5.268506314327178, -3.1250725886265736, 50.59476485345391)"
46,pearson3,432.6617070627572,0.0,0.07636050758935709,0.0013995030185509631,"(0.9873510758338839, 51.522883975785305, 18.95281695154478)"
47,gamma,34.7878863157662,4.7370489640874425e-06,0.04787322290058493,0.04212518810455523,"(14.913244793934398, -9.234401005485946, 6.8439525960456535)"
47,weibull,90000000041.1876,0.0,0.061149211164390094,0.0037137877530435733,"(2.295702011395643, 34.976686624718596, 65.54687862984323)"
47,normal,123.88850133740726,0.0,0.07726249273710484,8.800566059994865e-05,"(92.8311377245509, 26.9010426621418)"
47,lognorm,28.03755421851222,9.24448507897413e-05,0.04195292002106432,0.10283656764863092,"(0.20350389891198928, -36.27433419963077, 126.442307535731)"
47,loglogistic,12.062787081747754,0.06058267037366927,0.023594261237177727,0.7320076205244332,"(6.261740224233819, -0.5858377955072167, 89.7506720355255)"
47,pearson3,34.78770755222972,4.737426482992468e-06,0.04787278369454717,0.04212816105006656,"(0.5179001490763495, 92.83110823056353, 26.429768458922332)"
48,gamma,6.87338156039468,0.3327157941336627,0.04001222898832002,0.9745177228054596,"(4.8893599724079815, 48.37476101417235, 14.801481125487062)"
48,weibull,6.165190329125863,0.4049422405627472,0.039636878517443686,0.9766978477181041,"(1.9669218480615989, 60.31976916208068, 68.15976958570926)"
48,normal,12.358662341016506,0.08936402679842581,0.08590499093574483,0.2495352741293697,"(120.74452554744525, 32.06381164920392)"
48,lognorm,7.426610324192808,0.2831883248052931,0.04352917218587171,0.9474340553049824,"(0.3039217773852619, 15.337549261545306, 100.6917965740827)"
48,loglogistic,9.744243879496976,0.13584390927732481,0.052404592058056254,0.8267830213850231,"(4.929430827467192, 27.67471623896084, 88.13457789774765)"
48,pearson3,6.873410527982193,0.3327130424652701,0.04001270351553232,0.974514883641667,"(0.9044885748588702, 120.74448919155867, 32.728839505224414)"
49,gamma,84.10197277585115,5.551115123125783e-16,0.13547280685117064,1.1994423957819188e-05,"(5.691718405833615, 16.658002428000426, 27.82025998461468)"
49,weibull,78.08243049560896,8.881784197001252e-15,0.12194382614704091,0.00011740434251296228,"(1.6409421673492481, 68.5957327838681, 119.68644379095865)"
49,normal,142.5233139337062,0.0,0.17906324454466016,1.465964064338236e-09,"(175.0030864197531, 68.50603733225152)"
49,lognorm,76.3263326177124,2.042810365310288e-14,0.12169609957286553,0.0001221360802537004,"(0.3707593924248259, -3.524999160713245, 166.57311195666193)"
49,loglogistic,91.94548390874326,0.0,0.10592712311755675,0.0012787953987429587,"(4.543492810180815, -0.4060859954144007, 160.13828725529288)"
49,pearson3,68.33026511295417,8.991696276439143e-13,0.11306833999204247,0.0004597593615659881,"(1.2247432825890354, 175.32681660796754, 67.65277029253087)"
50,gamma,3.6892194610914544,0.7186480749700018,0.03991423183859588,0.8779939579512088,"(56.87049608875782, -201.9858137465017, 6.651287147722446)"
50,weibull,7.253897256340838,0.29800393057973484,0.053612766933964884,0.5635935491831616,"(3.166431330812886, 26.834591223599425, 166.51336238532735)"
50,normal,6.200387058076854,0.5165559512265675,0.05663213727900851,0.4931959668028064,"(176.27619047619046, 50.262263651692905)"
50,lognorm,3.5999542051723337,0.730627217497233,0.038732730517746394,0.8987438750108876,"(0.09376358417215884, -357.6670048455328, 531.5994758178847)"
50,loglogistic,3.1305144086425396,0.7922966883400283,0.029511780508833574,0.9906650706889231,"(16.341907715269016, -282.2236595023715, 455.7720194936467)"
50,pearson3,3.689222100281503,0.718647720061943,0.03991403984615194,0.8779974764585341,"(0.2652087308439735, 176.27617548911343, 50.15899685725117)"
